:020000040800F2
:1000000000060020E1020008E3020008E302000805
:10001000E3020008E3020008E3020008E30200082C
:10002000E3020008E3020008E30200082978000860
:10003000E3020008E3020008E3020008E30200080C
:10004000E3020008E3020008E3020008E3020008FC
:10005000E3020008E3020008E3020008E3020008EC
:10006000E3020008E3020008E3020008C9460008B2
:10007000F14600081D470008494700087547000879
:100080009D470008C9470008E3020008E302000892
:10009000E3020008E3020008E3020008E3020008AC
:1000A000E3020008E3020008E3020008E30200089C
:1000B000E3020008E3020008E3020008E30200088C
:1000C000E3020008E3020008E3020008E30200087C
:1000D000E3020008E3020008E30200084987000881
:1000E000E3020008E3020008E3020008E30200085C
:1000F000E3020008E3020008E3020008F5470008F5
:10010000E3020008E302000885870008E302000814
:10011000E30200085D870008E3020008E30200082C
:10012000214800084948000875480008A14800080F
:10013000CD480008E3020008E3020008E3020008DB
:10014000E3020008E3020008E3020008E3020008FB
:10015000F5480008214900084D490008E30200085D
:10016000E3020008E3020008E3020008E3020008DB
:10017000E302000815840008E3020008E302000817
:10018000E3020008E302000871870008E3020008A8
:10019000E3020008E3020008E3020008E3020008AB
:1001A000E3020008E3020008E3020008E30200089B
:1001B000E3020008E3020008E3020008E30200088B
:1001C000E3020008E3020008E3020008E30200087B
:1001D000E302000801840008E3020008E3020008CB
:1001E000E3020008E3020008E3020008E30200085B
:1001F000E3020008E3020008E3020008E30200084B
:10020000E3020008E3020008E3020008E30200083A
:10021000E3020008E3020008E3020008E30200082A
:10022000E3020008E3020008E3020008E30200081A
:1002300035870008E3020008E3020008E302000833
:10024000E3020008E3020008E3020008E3020008FA
:10025000E3020008E3020008E3020008E3020008EA
:10026000E3020008E3020008E3020008E3020008DA
:10027000E3020008E3020008E3020008E3020008CA
:10028000E3020008E3020008E3020008E3020008BA
:10029000E3020008E3020008E3020008E3020008AA
:1002A000E3020008E3020008E3020008E30200089A
:1002B000E3020008E3020008E3020008E30200088A
:1002C000E3020008E3020008E3020008E30200087A
:1002D000E3020008E3020008E3020008E30200086A
:1002E00002E000F000F8FEE772B6374880F30888B5
:1002F000364880F3098836483649086040F20000E5
:10030000CCF200004EF63471CEF200010860BFF36B
:100310004F8FBFF36F8F40F20000C0F2F0004EF637
:100320008851CEF200010860BFF34F8FBFF36F8F8B
:100330004FF00000E1EE100A4EF63C71CEF20001E3
:100340000860062080F31488BFF36F8F07F0CEFAA1
:1003500006F022FC4FF055301F491B4A91423CBF2A
:1003600041F8040BFAE71D49184A91423CBF41F895
:10037000040BFAE71A491B4A1B4B9A423EBF51F83D
:10038000040B42F8040BF8E700201849184A914280
:100390003CBF41F8040BFAE707F0E6FA06F080FCF0
:1003A000144C154DAC4203DA54F8041B8847F9E7A6
:1003B00000F0C4F9114C124DAC4203DA54F8041B9E
:1003C0008847F9E707F0CEBA000600200022002097
:1003D0000000000808ED00E00000002000060020FA
:1003E000F89B0008002200207422002078220020C0
:1003F000B4660020E0020008E0020008E002000805
:10040000E00200082DE9F04F2DED108AC1F80CD064
:10041000D0F80CD0BDEC108ABDE8F08F002383F338
:1004200011882846A047002006F098F9FEE706F05C
:10043000EBF800DFFEE7000053B94AB9002908BF16
:1004400000281CBF4FF0FF314FF0FF3000F074B9AF
:10045000ADF1080C6DE904CE00F006F8DDF804E01B
:10046000DDE9022304B070472DE9F047089D0446FA
:100470008E46002B4DD18A42944669D9B2FA82F257
:1004800052B101FA02F3C2F1200120FA01F10CFA93
:1004900002FC41EA030E94404FEA1C48210CBEFBCB
:1004A000F8F61FFA8CF708FB16E341EA034306FB54
:1004B00007F199420AD91CEB030306F1FF3080F0E3
:1004C0001F81994240F21C81023E63445B1AA4B230
:1004D000B3FBF8F008FB103344EA034400FB07F7D2
:1004E000A7420AD91CEB040400F1FF3380F00A8113
:1004F000A74240F207816444023840EA0640E41B08
:1005000000261DB1D4400023C5E900433146BDE8B3
:10051000F0878B4209D9002D00F0EF800026C5E955
:10052000000130463146BDE8F087B3FA83F6002E6D
:100530004AD18B4202D3824200F2F980841A61EBE5
:10054000030301209E46002DE0D0C5E9004EDDE703
:1005500002B9FFDEB2FA82F2002A40F09280A1EBEB
:100560000C014FEA1C471FFA8CFE0126200CB1FB40
:10057000F7F307FB131140EA01410EFB03F0884239
:1005800008D91CEB010103F1FF3802D2884200F2C6
:10059000CB804346091AA4B2B1FBF7F007FB101158
:1005A00044EA01440EFB00FEA64508D91CEB0404F6
:1005B00000F1FF3102D2A64500F2BB800846A4EB51
:1005C0000E0440EA03409CE7C6F12007B34022FA3C
:1005D00007FC4CEA030C20FA07F401FA06F31C436B
:1005E000F9404FEA1C4900FA06F3B1FBF9F8200C78
:1005F0001FFA8CFE09FB181140EA014108FB0EF0BE
:10060000884202FA06F20BD91CEB010108F1FF3A0D
:1006100080F08880884240F28580A8F10208614419
:10062000091AA4B2B1FBF9F009FB101144EA014127
:1006300000FB0EFE8E4508D91CEB010100F1FF34D2
:100640006CD28E456AD90238614440EA0840A0FB6A
:100650000294A1EB0E01A142C846A64656D353D040
:100660005DB1B3EB080261EB0E0101FA07F722FA64
:1006700006F3F1401F43C5E9007100263146BDE88D
:10068000F087C2F12003D8400CFA02FC21FA03F3F0
:10069000914001434FEA1C471FFA8CFEB3FBF7F071
:1006A00007FB10360B0C43EA064300FB0EF69E4296
:1006B00004FA02F408D91CEB030300F1FF382FD22F
:1006C0009E422DD9023863449B1B89B2B3FBF7F6D7
:1006D00007FB163341EA034106FB0EF38B4208D9B0
:1006E0001CEB010106F1FF3816D28B4214D9023EF1
:1006F0006144C91A46EA004638E72E46284605E70F
:100700000646E3E61846F8E64B45A9D2B9EB0208DF
:1007100064EB0C0E0138A3E74646EAE7204694E76F
:100720004046D1E7D0467BE7023B614432E73046A2
:1007300009E76444023842E7704700BF38B501F06A
:1007400007FA01F0C9FB06F047FF054607F05EF81F
:100750000446D0B90F4B9D4219D001339D4241F25E
:10076000883504BF01240025002006F03FFF0CB1AE
:1007700000F076F801F050FB00F02EFD08B100F01B
:100780006FF8284600F01AF9F9E70025ECE705466E
:10079000EAE700BF010007B008B501F0A5F9A0F134
:1007A00020035842584108BD07B5042101900DEBC4
:1007B000010001F0B7F903B05DF804FB38B5302350
:1007C00083F31188174803680BB106F0ABF80023D8
:1007D000154A4FF47A71134806F09AF8002383F310
:1007E0001188124C236813B12368013B23606368AE
:1007F00013B16368013B63600D4D2B7833B96368B7
:100800007BB9022001F06AFA322363602B78032B54
:1008100007D163682BB9022001F060FA4FF47A73B4
:10082000636038BD78220020BD07000898230020AF
:1008300090220020084B187003280CD8DFE800F045
:1008400008050208022001F03BBA022001F028BA94
:10085000024B00225A60704790220020982300200B
:10086000F8B5504B504A1C461968013100F0998088
:1008700004339342F8D162684C4B9A4240F2918023
:100880004B4B9B6803F1006303F500339A4280F001
:100890008880002001F076F90220FFF7CBFF454B5E
:1008A0000021D3F8E820C3F8E810D3F81021C3F8EA
:1008B0001011D3F81021D3F8EC20C3F8EC10D3F8C2
:1008C0001421C3F81411D3F81421D3F8F020C3F87D
:1008D000F010D3F81821C3F81811D3F81821D3F861
:1008E000802042F00062C3F88020D3F8802022F0FC
:1008F0000062C3F88020D3F88020D3F8802042F033
:100900000072C3F88020D3F8802022F00072C3F870
:100910008020D3F8803072B64FF0E023C3F8084D42
:10092000D4E90004BFF34F8FBFF36F8F224AC2F8A0
:100930008410BFF34F8F536923F480335361BFF3A7
:100940004F8FD2F8803043F6E076C3F3C905C3F386
:100950004E335B0103EA060C29464CEA81770139E4
:10096000C2F87472F9D2203B13F1200FF2D1BFF319
:100970004F8FBFF36F8FBFF34F8FBFF36F8F5369ED
:1009800023F4003353610023C2F85032BFF34F8F7A
:10099000BFF36F8F302383F31188854680F3088877
:1009A0002047F8BD0000020820000208FFFF0108F0
:1009B000002200200044025800ED00E02DE9F04F35
:1009C00095B0DFF8D8922022FF21029004A8D9F830
:1009D000085001F0CBF9A84A1378A3B90121A74820
:1009E00011700360302383F3118803680BB105F0A5
:1009F00099FF0023A24A4FF47A71A04805F088FFBE
:100A0000002383F31188029B13B19E4B029A1A6054
:100A10009D4A1378032B03D000231370994A536027
:100A20004FF0000B029C5E46DA46CDF804B0012080
:100A300001F046F924B1934B1B68002B00F028828B
:100A4000002001F051F8B0F10008F3DB012001F0C3
:100A500027F9A8F121031F2BE9D801A252F823F0AE
:100A6000E10A0008FD0A00088B0B00082F0A0008A5
:100A70002F0A00082F0A0008150C0008070E0008AE
:100A8000F90C0008550D00087B0D0008A10D0008A9
:100A90002F0A0008B30D0008D70D00084F0E0008FC
:100AA000690B00082F0A0008970E0008ED0A0008DD
:100AB000690B00082F0A0008550D00082F0A0008CE
:100AC0002F0A00082F0A00082F0A00082F0A000822
:100AD0002F0A00082F0A00082F0A00088B0B0008B5
:100AE0000220FFF759FE002840F0FF81029B0221FF
:100AF0006648BBF1000F08BF1C4640E04FF47A7017
:100B000000F0F2FF071EF1DB0220FFF745FE002890
:100B1000ECD0013F052F00F2EA81DFE807F0030780
:100B20000A0D10330520FFF73FFE14E0D9F800004E
:100B3000F9E7D9F80400F6E7D9F80800F3E74FF031
:100B40001C08404608F1040801F01EF8FFF72CFECF
:100B5000B8F12C0FF5D10120019B4FF0000A00FAEB
:100B600007F71F43FBB2019301F04CF92EB1019B33
:100B700003F00B030B2B08BF00240221444800F0B4
:100B8000D1FF54E7D9F80C00CDE7002EAED0019B81
:100B900003F00B030B2BA9D10220FFF7FDFD074645
:100BA0000028A3D00120002600F0ECFF0220FFF770
:100BB00041FE1FFA86FB584600F0F4FF044688B158
:100BC000A8F14002584601365142514100F0FAFF67
:100BD0000028EED1BB46044602212E483E4600F0D6
:100BE000A1FF24E725460120FFF724FED9F80830AD
:100BF000AB4207D9284600F0C7FF013040F07A81A8
:100C00000435F3E70025204BBB463E461D701D4BC7
:100C10005D60A9E7002E3FF469AF019B03F00B0371
:100C20000B2B7FF463AF0220FFF704FE322000F0AD
:100C30005BFFB0F10008FFF659AF18F003077FF42F
:100C400055AF08EB0503D9F8082093423FF64EAFA5
:100C5000B8F5807F3FF74AAF0F4BB84503931FDDD0
:100C60004FF47A7000F040FF0028FFF63FAF039B7F
:100C7000013703F8010BF0E79423002078220020CD
:100C8000BD0700089823002090220020A4910008AE
:100C90009C910008A09100089422002000220020CE
:100CA000C820FFF779FD074600283FF41FAF1F2D2E
:100CB00011D8C5F1200204AB25F003008F4942454D
:100CC000184428BF4246039201F02AF8039AFF21F4
:100CD0008A4801F04BF84FEAA803C8F38702874916
:100CE0002846039301F04AF8064600283FF474AF03
:100CF000039B05EB830537E70220FFF74DFD002836
:100D00003FF4F4AE00F07CFF00283FF4EFAE002784
:100D1000B846D9F80830BB4218D91F2F11D8049B08
:100D200001330ED027F0030314AA134453F8403CB8
:100D30000C93404604220CA9043701F065F9804663
:100D4000E7E7384600F020FF0C90F2E74046FFF757
:100D50002BFD09E7002364210CA80C9300F0D8FEBA
:100D600000287FF4C3AE0220FFF716FD00283FF4F1
:100D7000BDAE0C9800F03AFFE9E7002364210CA80F
:100D80000C9300F0C5FE00287FF4B0AE0220FFF700
:100D900003FD00283FF4AAAE0C9800F029FFD6E727
:100DA0000220FFF7F9FC00283FF4A0AE00F038FF66
:100DB000CDE70220FFF7F0FC00283FF497AE0CA926
:100DC000142000F033FF0390FFF7EEFC03990CA80A
:100DD00000F0A8FEC8E60220FFF7DEFC00283FF482
:100DE00085AE474B0CAF03F1100C1868083353F86D
:100DF000041C3A46634503C21746F6D11020FFF79C
:100E0000D3FC1021E3E7322000F06EFE071EFFF650
:100E10006DAEBB077FF46AAE07EB0A03D9F8082072
:100E200093423FF663AE0220FFF7B6FC00283FF482
:100E30005DAE27F003075744BA453FF495AE5046E0
:100E40000AF1040A00F0A0FEFFF7AEFCF4E74FF44D
:100E50007A70FFF7A1FC00283FF448AE00F0D0FE06
:100E6000002849D0049B01330BD0082204A900209C
:100E700000F084FF00283FD02022FF2104A800F0CA
:100E800075FF2048022100F04DFE1F4805F06CFC64
:100E900015B0BDE8F08F002E3FF428AE019B03F0A3
:100EA0000B030B2B7FF422AE002364210CA80C93C0
:100EB00000F02EFE074600287FF418AE0220FFF750
:100EC0006BFC804600283FF411AE02210D4800F073
:100ED00029FE41F2883005F047FC0C9800F0DAFF5B
:100EE00046463C4600F08EFFA1E506463CE64FF044
:100EF000000AFBE5BB466FE637466DE6942200200C
:100F0000889100089C910008A086010070470000AD
:100F100070470000704700002DE9F04100F5803770
:100F2000044616463B7C5BB9C0681030204400F094
:100F3000F7FEE5683544B5F5004FE56002D816B117
:100F4000BDE8F081DEB905F07F0605F11000002153
:100F5000C6F180062044F6B232462E4400F006FF69
:100F6000A06804F11008324600F10060414600F527
:100F7000003006F0D1F830B901233B74E0E74FF4BC
:100F800000463546ECE7A26805F1100140463244C0
:100F90002144A260E268521BE26000F0C1FE022020
:100FA000BDE8F04100F09ABE183000F0E9BC000046
:100FB00010B5044601F044F8204610BD10B50446B3
:100FC00001F03EF8204610BDC0B2A0F14103052B50
:100FD00002D83738C0B27047A0F16103052B94BF27
:100FE00057383038F6E7000070B504461546084615
:100FF00003220C4900F09EFE014688B908346E1C9D
:1010000015F91100FFF7E0FF024616F91100013152
:10101000FFF7DAFF102940EA021004F8010BEFD1C4
:1010200070BD00BFA89100082DE9F04FADF53F7DE0
:101030000746416801222AA802F0F2FE002840F08B
:1010400087800646824681461125DFF80C81DFF84D
:101050000CB101AB4FF4805241462AA803F040F88E
:10106000002875D1019AB2F5805F71D8002A65D049
:101070000446019A9442ECD2282D0FD008DC132D9F
:101080002DD01E2D39D0112D13D00134A4B2F0E78C
:10109000322D2DD0372D2FD02D2DF6D13B68121BA0
:1010A00008EB040138461B692D259847BDF804401C
:1010B000EBE7121B022A09D9594608EB040000F09D
:1010C00039FE18B902342825A4B2DEE718F8043036
:1010D0003A2B3DD00A2B1CBFA1461325D5E718F8A3
:1010E00004300A2B34D03A2B04BFA2463225CCE779
:1010F00018F80430202BC8D0264618F804300A2BE4
:101100001AD1AAEB090208EB090102A811254F2AFE
:1011100028BF4F2208F024F8A21B08EB060116A8EE
:101120004F2A28BF4F2208F01BF83B6816AA02A9D5
:10113000DB6838469847A8E71E25A6E73B6838468F
:1011400004491B69984701200DF53F7DBDE8F08FEC
:101150000020F9E7AA920008A0230020AC91000823
:1011600000F1180110B5044686B00846019100F060
:10117000F1FB2046FFF758FF60B1019902A800F08B
:1011800049FC102204F1080102A807F0A9FFB0FAF7
:1011900080F0400906B010BD70B504460025EEB2DF
:1011A000304600F0FFFC58B100213046013500F018
:1011B00009FD08B9002070BD022000F08FFDEEE7A8
:1011C0002046FFF731FF0028F4D004F58034207C5E
:1011D00080F00100EFE70000F0B5C9B006F014FAA6
:1011E00000F04AFF18B90025284649B0F0BD69460D
:1011F0002A4803F037F800284BD1294C204603F049
:1012000061F8284803F05EF8274803F05BF82146B0
:10121000224803F0D3F80028E5D1702000F00AFF3F
:10122000064610B1214B44600360336830469B682A
:101230009847054600282ED01A4F1948394603F022
:10124000BDF805460028CED1194800F0F3FE04464B
:1012500038B1184B4760036000F58033C0E9025590
:101260001D74236820469B689847054628B10E499F
:101270000C4803F0A3F80028B5D1336830465B680A
:1012800098471CB1236820465B68984700F0DCFE55
:10129000AAE70025FAE70446EFE700BFB09100088F
:1012A000C0910008D7910008ED9100081092000845
:1012B000140001002C9200082DE9F04FD44A8DB0A3
:1012C0000B68D0F804A001931A440368D14E1A4465
:1012D000D1F81C90DFF8B4C3DFF8B4B3D0E902341E
:1012E000634003EA0A03634013444A6802920AEB2C
:1012F0007363029CC84A2244C468224484688AEA10
:1013000004051D40654015448A68039203EB35557A
:10131000039CC24A2244846822448AEA03042C4083
:1013200084EA0A041444CA6805EBF43404921644AF
:1013300083EA0502224056445A4032440E6905961B
:1013400004EBB222059FB64E3E441E4485EA0403D8
:1013500013406B4033444E69069602EB7363069F5D
:10136000B04E3E442E4484EA02051D40654035449B
:101370008E69079603EB3555079FAB4E3E442644D6
:1013800082EA03042C4054403444A84E4E4405EBFA
:10139000F434164483EA050222405A4032440E6A6D
:1013A000089604EBB222089FA14E3E441E4485EAF3
:1013B000040313406B4033444E6A099602EB736397
:1013C000099F9C4ED1F830E03E44D1F83880F34478
:1013D0002E4484EA02051D40654035448E6AA6F518
:1013E000244703EB35550A964F3F274482EA03040E
:1013F0002C4054403C44CF6A0B9705EBF4340B9ED1
:101400008D4F3744029E174483EA050222405A401A
:101410003A448A4F774404EBB2221F4485EA04031E
:1014200013406B403B444F6BBC4402EB7363654419
:1014300084EA020C0CEA030C8CEA040C6544DFF825
:1014400054C2C44403EB3555A44482EA03042C403F
:1014500054406444D1F83CC0794905EBF43461440C
:10146000114483EA050222405A400A44754904EBBC
:10147000B2223144079E194484EA02032B406340A0
:101480000B44714902EBF36331440B9E0D4482EA35
:1014900003012140514029446C4D03EBF151354487
:1014A000019E254483EA010414405C402C44684DAD
:1014B00001EBB4443544069E154481EA04021A4007
:1014C0004A402A44634D04EB323235440A9E1D449F
:1014D00084EA02030B4063402B445F4D02EBF3634D
:1014E0003544059E0D4482EA0301214051402944C0
:1014F0005A4D03EBF1516544254483EA010414403D
:101500005C402C44564D01EBB4443544099E1544CF
:1015100081EA04021A404A402A44524D04EB323216
:101520003544049E1D4484EA02030B4063402B446F
:101530004D4D02EBF36345440D4482EA0301214023
:1015400051402944494D03EBF1513544089E2C4448
:1015500083EA010515405D402C44454D01EBB44440
:101560003544039E2A4481EA04051D404D402A4427
:10157000404D04EB32323D442B4484EA020593444F
:101580000D4065402B443C4D02EBF3633544069E11
:10159000294482EA0305254055402944374D03EB91
:1015A000F1514D442C4483EA010515405D4025442A
:1015B00001EBB54581EA050404EA03024A405A44B6
:1015C000A6F5B82B089E05EB3232ABF2BE6B544049
:1015D0005B4423442A4C344402EB33730B9E0C448B
:1015E00085EA020159402144264C344403EB7151F1
:1015F000029E254482EA03044C402544224C444484
:1016000001EB3545144483EA01026A40224443E079
:1016100078A46AD7EECEBDC156B7C7E8DB702024E8
:10162000AF0F7CF52AC68747134630A8019546FDC3
:10163000D8988069AFF7448BBED75C892211906B34
:101640002108B44962251EF640B340C0515A5E26B7
:10165000AAC7B6E95D102FD65314440281E6A1D87B
:10166000C8FBD3E7E6CDE121D60737C3870DD5F414
:10167000ED145A4505E9E3A9F8A3EFFCD9026F6719
:1016800081F6718722619D6D0C38E5FD937198FD9F
:101690008A4C2A8D8E4379A6934C344405EB7222F2
:1016A000059E1C4481EA0503534023448F4C344477
:1016B00002EB33730A9E0C4485EA0201594021442F
:1016C0008B4C4C4403EB7151254482EA03044C409B
:1016D0002C44884D354401EB3444019E154483EA83
:1016E000010262402A44844D3D4404EB72221D44B1
:1016F00081EA040353402B44804D354402EB33739D
:10170000049E294484EA02055D4029447C4D354409
:1017100003EB7151079E254482EA03044C402C449C
:10172000784D354401EB3444099E2A4483EA01058F
:1017300065401544744A324404EB7525039E1344F6
:1017400081EA04026A401A44704B734405EB32721A
:101750000B4484EA0501514019446D4B634402EB8C
:1017600071511C4485EA02034B401C44694B3344CD
:1017700001EB3444019E1D4482EA010363402B4483
:10178000654D04EB73233544069E154463EA01025C
:1017900062402A44614D03EBB2624D4462EA04099F
:1017A00029445F4D89EA0309454449442C445D4D71
:1017B00002EBB1513544049E61EA03081D4488EAF6
:1017C0000208444401EB744464EA02034B402B4496
:1017D000554D04EBF323754463EA010E15448EEA7C
:1017E000040E0EEB0502514D03EBB262354462EA82
:1017F000040E29440A9D8EEA030EA5F580164C4D71
:101800007144A6F6833602EBB151264461EA030423
:1018100054403444029E01EB7444354464EA0206A9
:101820001D444E407319089E424D04EBF32335448A
:1018300063EA01061544664072193F4D03EBB2623C
:10184000654462EA040629443C4D5E403144079EEB
:1018500002EBB151354461EA03062C44384D564041
:101860003D443444059E1D4401EB744464EA020384
:101870004B402B44334D04EBF32335440B9E15446E
:1018800063EA010262402A442F4D03EBB262354401
:10189000039E0D4462EA0401594029442B4D02EB9A
:1018A000B15135442A4E254461EA030454402C4486
:1018B000099D01EB74442E4464EA02051E4485EA46
:1018C00001039D1903681A440AEB040303EBF52393
:1018D0000260436083681C44C36819448460C1602B
:1018E0000DB0BDE8F08F00BF44EABEA4A9CFDE4B27
:1018F000604BBBF670BCBFBEC67E9B28FA27A1EA30
:101900008530EFD4051D880439D0D4D9E599DBE6BC
:10191000F87CA21F6556ACC4442229F497FF2A43E1
:10192000A72394AB39A093FCC3595B6592CC0C8F71
:10193000D15D84854F7EA86FE0E62CFE144301A3A1
:10194000A111084E827E53F735F23ABDBBD2D72A99
:1019500091D386EB094B036003F18833436003F1B5
:101960002943A3F59613A3F68B638360A3F1883311
:10197000C3600023C0E90433704700BF01234567FB
:101980002DE9F8431446026905460E46E300C2F30A
:10199000C50800F118079B18036122BF4369013392
:1019A000436112F4FC7F436903EB5473436114D029
:1019B000C8F1400907EB08004C4504D22246BDE8B7
:1019C000F84307F09DBB403C4A464E4407F098FB65
:1019D000444439462846FFF76FFCA04606EB04094D
:1019E000B8F13F0FA9EB08010AD94022384607F0A9
:1019F00087FB39462846A8F14008FFF75DFCEFE772
:101A0000A1096FF03F02384602FB014206EB81114B
:101A1000D5E7000070B50B6901F1180506460C46C4
:101A2000C3F3C503EA18501C8022EA54C3F13F02F5
:101A3000072A1FD8002100F099F929462046FFF710
:101A40003BFC38220021284600F090F92369294602
:101A50002046236563696365FFF72EFC214610224B
:101A6000304607F04DFB204658220021BDE870406B
:101A700000F07CB9C3F137020021E5E72DE9F84F0A
:101A80004FF47A7306460D46002402FB03F7DFF895
:101A90005080DFF8509098F900305FFA84FA5A1CB1
:101AA00001D0A34210D159F824002A4631460368D8
:101AB000D3F820B03B46D847854205D1074B0120DB
:101AC00083F800A0BDE8F88F0134042CE3D14FF473
:101AD000FA7004F049FE0020F4E700BFE433002070
:101AE0001022002014220020002307B50246012105
:101AF0000DF107008DF80730FFF7C0FF20B19DF80A
:101B0000070003B05DF804FB4FF0FF30F9E7000079
:101B10000A46042108B5FFF7B1FF80F00100C0B20A
:101B2000404208BD074B0A4630B41978064B53F8BB
:101B30002140014623682046DD69044BAC4630BC99
:101B4000604700BFE433002014220020A08601007B
:101B500070B50A4E00240A4D05F082FA30802868DC
:101B60003388834208D905F077FA2B68044401339F
:101B7000B4F5003F2B60F2D370BD00BFE633002008
:101B8000A033002005F046BB00F1006000F50030F6
:101B90000068704700F10060920000F5003005F029
:101BA000BBBA0000054B1A68054B1B889B1A834281
:101BB00002D9104405F050BA00207047A03300202D
:101BC000E633002038B50446074D29B12868204483
:101BD000BDE8384005F058BA2868204405F042FABC
:101BE0000028F3D038BD00BFA0330020002070478C
:101BF00000F1FF5000F58F10D0F80008704700008A
:101C0000064991F8243033B100230822086A81F88C
:101C10002430FFF7BFBF0120704700BFA43300206E
:101C2000014B1868704700BF0010005C194B013869
:101C30000322084470B51D68174BC5F30B042D0C27
:101C40001E88A6420BD15C680A46013C82421346BC
:101C50000FD214F9016F4EB102F8016BF6E7013AA9
:101C600003F10803ECD181420B4602D22C2203F887
:101C7000012B0424094A1688AE4204D1984284BF3D
:101C8000967803F8016B013C02F10402F3D1581A73
:101C900070BD00BF0010005C242200206C92000880
:101CA000022804D1054B4FF400129A6170470128B5
:101CB000FCD1024B4FF40022F7E700BF001002589E
:101CC000022803D1044B20229A6170470128FCD1DD
:101CD000014B0822F8E700BF00100258022805D186
:101CE000064A536983F02003536170470128FCD1F1
:101CF000024A536983F00803F6E700BF0010025858
:101D000070B504464FF47A764CB1412C254628BF75
:101D1000412506FB05F0641B04F026FDF4E770BDC9
:101D2000002310B5934203D0CC5CC4540133F9E7CF
:101D300010BD0000013810B510F9013F3BB191F919
:101D400000409C4203D11AB10131013AF4E71AB1C3
:101D500091F90020981A10BD1046FCE70346024690
:101D6000D01A12F9011B0029FAD170470244034628
:101D7000934202D003F8011BFAE770472DE9F843BC
:101D80001F4D14460746884695F8242052BBDFF8BD
:101D900070909CB395F824302BB92022FF2148463F
:101DA0002F62FFF7E3FF95F824004146C0F10802D7
:101DB00005EB8000A24228BF2246D6B29200FFF770
:101DC000AFFF95F82430A41B17441E449044E4B29E
:101DD000F6B2082E85F82460DBD1FFF711FF00284A
:101DE000D7D108E02B6A03EB82038342CFD0FFF701
:101DF00007FF0028CBD10020BDE8F8830120FBE7D6
:101E0000A4330020024B1A78024B1A70704700BFAF
:101E1000E433002010220020F8B5194C194803F0D3
:101E20009BFF2146174803F0C3FF24684FF47A70E4
:101E3000154ED4F89020154DD2F80438114F43F0C8
:101E40000203C2F80438FFF75BFF2046104904F094
:101E5000BDF8D4F890200424D2F8043823F002030B
:101E6000C2F804384FF4E133336055F8040BB8423C
:101E700002D0314603F0CEFE013CF6D1F8BD00BFE2
:101E8000689A000818490020CC3300201422002052
:101E9000709A00080C4B70B50C4D04461E780C4B24
:101EA00055F826209A420DD00A4B002118221846D8
:101EB000FFF75CFF0460014655F82600BDE870405E
:101EC00003F0A8BE70BD00BFE43300201422002040
:101ED00018490020CC3300202DE9F04771B6464B5D
:101EE00001201D68454BB3F8008000231A461946AF
:101EF00002F0D4FD0446802005F02CFA07460028A5
:101F000062D0002C60D03E4EADB24FF0800A7369B3
:101F1000284643F0C0637361D6F8143143F0C063C0
:101F2000C6F8143105F098F805EB080200FB05F33C
:101F30004FF4D06C50434FF03D0E984233D9326984
:101F4000520144D4D6F81021510140D4216803F144
:101F500000628A602268D7602268C2F804A0226802
:101F6000C2F800C0D4F80090D9F8002042F0010275
:101F7000C9F80020D4F80090D9F8002022F01E0201
:101F8000C9F80020D4F80090D9F80020D207FBD47B
:101F900094F80C90803361680EFA09F20A60CCE77D
:101FA000002005F037F9204602F0B8FD384605F06C
:101FB0000DFA134B5A6942F0C0625A61D3F81421EA
:101FC00042F0C062C3F8142161B6BDE8F0870D4B42
:101FD0009A6A42F400729A629A6A42F400429A62E1
:101FE00061B60026012005F015F9B045D8D9A81929
:101FF000013605F049F8F8E7A0330020E633002069
:102000000020005200ED00E030B50A44084D914236
:102010000DD011F8013B5840082340F30004013B68
:102020002C4013F0FF0384EA5000F6D1EFE730BDF7
:102030002083B8ED0121884238BF084605F0C2B9B7
:1020400008B105F0C3B9704710B5084C0122084922
:10205000002001F0C1FE23783BB1064803F052FD99
:10206000044803F085FD0023237010BDE8330020F1
:102070007C920008C83600202DE9F041234C244E04
:10208000236DBBB901224FF4004104F1500005F06B
:1020900005FB236D1B686BB901224FF4805104F1DD
:1020A000500005F0FBFA236D1B681BB9002030704F
:1020B000BDE8F08133780BB1FFF7C6FF0324154F5D
:1020C0004FF00008114D13492846C7F8048003F06B
:1020D00041FD284603F07AFB38B1013C284603F065
:1020E00047FD14F0FF04E1D0EDE70B4901220B4856
:1020F00001F072FE014618B1284603F003FDECE73B
:10210000074800F00FF80120D1E700BFC8360020D3
:10211000E83300203C2200207C920008EC330020B1
:10212000809200080FB4002004B070470068704728
:1021300003460068596870470B0A017043700B0C26
:10214000090E8370C1707047110A027003714170EB
:10215000110C120E8170C2701A0A42711A0C1B0EF9
:102160008271C37170470000C36A0239023B8B421F
:1021700083BF4389006C01FB03000020704700000F
:10218000C2F307238A76CB760378032B01BF120CA8
:102190000A75120A4A75704700F10B010022D3013B
:1021A00043EA520310F8012B52FA83F38842DAB261
:1021B000F5D110467047000010B541780446002064
:1021C000013102464901022A16BFA35C032203EB38
:1021D000C03302F101021EBF9BB203EB500398B261
:1021E0009142F0D810BD000002684AB1134613F8BE
:1021F000011B1F290DD93A29F9D1911C8B4202D01C
:102200004FF0FF3070471278302AF9D10360002078
:102210007047014B187870473836002038B50D46A6
:10222000044618B9092000232B6038BD0368002B31
:10223000F8D01A78002AF5D08188DA889142F1D155
:10224000587804F02DFC10F00100EBD12368EBE787
:1022500038B50D4640F25231144602F0B9F9FF2864
:1022600007D9012C0BD9030A022468702B70204671
:1022700038BD30B1002CFAD001242870F7E70024D3
:10228000F5E70446F3E700002DE9F8430026D0F80F
:10229000008005460C468E76836B002B4AD098F85A
:1022A0000030042B4BD133463546402720E0B7F5AC
:1022B000187F80F0C480F90606F1010608BF0237D6
:1022C000D05B02372BB900F5205292B2B2F5006F05
:1022D0000DD305F11A01C5F1FF0240EA0340214484
:1022E000FFF7B6FF002800F0AA800544002003464F
:1022F000D8F8102092F82310B142D8D8002B40F023
:102300009E80002D00F09B8000232544AB766373F4
:10231000D8F81020137903F03701DB0621730BD4B2
:1023200002F13800FFF704FFC4E9000193896381DB
:10233000D3892381BDE8F88300200146F4E7C36C0C
:1023400001335ED1EA6B00232E26551E184615F880
:10235000011F013020290CD0052908BFE5210928DB
:1023600004D10B2B9EBFE71801337E73E7180133AE
:1023700079730B28EBD1E11800204873A17E002966
:102380004BD1002B40D06FF00C0604F10D00082556
:10239000361B331810F8011B002938D02E298BB2B8
:1023A0004AD0A3F14101192903D8117B0D4200D075
:1023B00020330373EDE7B9F1000F05D100F5205389
:1023C0009BB2B3F5006F0BD307F11A01C7F1FF02FF
:1023D00040EA09402144FFF73BFF48B10744002091
:1023E00002368146D8F80C30985B0028E3D1384695
:1023F000B9F1000F4FF0000218BF002023189A76A1
:10240000A0E7B1463746EDE73F23A37601232344F7
:1024100000219976137B03B96373D37A02F11C0010
:1024200003F03F0323730023FFF780FE2060636007
:10243000D38A6381138B7CE710250B46B9E73F23D2
:102440000125A37660E7000038B50546002435F87D
:10245000020B08B9204638BD02F0EEF86308C2B29C
:1024600003EBC43312FA83F39AB2C0F3072303EBEE
:10247000520303EBC2339CB2E9E7000037B5C378DF
:1024800004461BB90025284603B030BD00F14C01BD
:10249000826C01234078019104F028FB054680B945
:1024A000A36BE070A06C226BC31A9342EAD2A378AC
:1024B0000199022BE6D102440123607804F016FB57
:1024C000E1E70125DFE7000038B5836C05460C46DF
:1024D0008B4210D0FFF7D2FF60B92246012305F1ED
:1024E0004C01687804F0DEFA00281CBF4FF0FF347E
:1024F0000120AC6438BD0020FCE7000038B50023A3
:102500000446C3704FF0FF338364FFF7DDFF0028FC
:102510004BD1B4F84A524AF655239D4207D10B22BB
:10252000254904F14C0006F0DBFD00283FD094F86B
:102530004C30EB2B03D01833DBB2012B2ED84AF6EC
:1025400055239D4206D108221C4904F19E0006F045
:10255000C7FD48B3B4F85730B3F5007F1ED194F8E7
:102560005930DBB15A1E1A4218D1B4F85A30ABB107
:1025700094F85C30013B012B10D8B4F85D306BB19E
:10258000B4F85F307F2B06D804F16C00FFF7CEFD66
:10259000B0F5803F02D3B4F8623053B94AF6552003
:1025A00085420CBF0220032038BD0420FCE7012037
:1025B000FAE70020F8E700BFAC920008B8920008E4
:1025C00002392DE9F04701F007044FF0010A466C8B
:1025D00005460AFA04F41746984606EB1136C1F38D
:1025E000C809E4B2314628460136FFF76DFF18B13D
:1025F0000120BDE8F087994605EB090292F84C30BE
:10260000234214BF01210021414513D06340013F03
:1026100082F84C3085F803A0EBD0640014F0FF047E
:10262000EAD109F1010301244FF00009B3F5007F5D
:10263000E1D1D7E70220DCE701290246F8B50C46D4
:1026400040F28C800668F36A8B4240F287803378D0
:10265000013B032B00F28280DFE803F00229384BB4
:1026600004EB5405B16B304601EB5521FFF72CFF0D
:1026700010B14FF0FF30F8BD6F1CC5F30805B16B0A
:102680003046354401EB572195F84C50FFF71CFFBD
:102690000028EED1C7F30807E3073E4496F84C0044
:1026A00045EA00204CBF0009C0F30B00E3E7B16B23
:1026B000304601EB1421FFF707FF0028D9D1640051
:1026C00004F4FF742644B6F84C00D4E7B16B3046EE
:1026D00001EBD411FFF7F8FE0028CAD1A40006F1DF
:1026E0004C0004F4FE742044FFF720FD20F07040FD
:1026F000C1E7D0E90430D57953EA000101D09168EF
:1027000001B95DBB9168022DA4EB01010DD1013B24
:10271000728940F1FF305B0A43EAC053B3FBF2F326
:1027200099421BD81CD0601CA5E7032D02D19369E8
:102730008B42F8D8D3699BB9B16B304601EBD41109
:10274000FFF7C2FE002894D1A0004C3600F4FE70C2
:102750003044FFF7EBFC20F000408CE701208AE7D3
:102760006FF0004087E70000F8B5066804460D46A4
:102770003378042B0CBF4FF080524FF400128A4282
:1027800001D80220F8BDCA06FBD182680163D2B924
:10279000022B13D83389B3EB551FF2D9F36BA36324
:1027A000A36B6263002BECD003EB55234C36C5F3CF
:1027B00008050020A3633544E563E3E7F36BC271CA
:1027C000002BE7D01A4677897F02BD42114604D21A
:1027D0003046FFF7C9FCA063E2E72046FFF72CFF75
:1027E000431C024606D00128CBD9F36A8342C8D9DC
:1027F000ED1BEAE70120C5E701292DE9F047064670
:102800000C46174608D9C36A8B4205D90378022BB8
:1028100062D003D8012B22D0022552E0033B012BCA
:10282000FAD8816B01EBD411FFF74EFE0546002864
:1028300047D1A40006F14C0304F4FE741C44337821
:10284000042B07D0204627F07047FFF76FFC00F0FD
:102850007040074339462046FFF76EFC2FE001EB3E
:102860005108816B01EB5821FFF72EFE054640BB56
:1028700014F0010406F14C0908F1010AC8F3080834
:1028800008BFFBB230461FBF19F8083003F00F0233
:102890003B0103F0F00318BF134309F8083001238C
:1028A000B16BF37001EB5A21FFF70EFE054640B9FC
:1028B000CAF3080A44B1C7F3071709F80A700123DD
:1028C000F3702846BDE8F08719F80A30C7F30327EC
:1028D00023F00F031F43F0E7816B01EB1421FFF797
:1028E000F3FD05460028ECD1640006F14C0304F426
:1028F000FF741F551919C7F307274F70DFE7000052
:10290000F8B504460E461746E3690BB91846F8BDFC
:10291000012BA6EB0305206814BFAA1C3A46691CCC
:10292000FFF76AFF0028F2D1E369013BE361EBE7BF
:1029300001292DE9F84306460C461746056802D8DA
:102940000220BDE8F883EB6A8B42F9D97AB9A14637
:1029500021463046A046FFF76FFE0446B0B92B78FB
:10296000042B02D1002F43D1F7710020E9E72B7827
:10297000042B02D1C379022BE9D04FF0FF32394644
:102980002846FFF739FF0028E1D0DAE70128D7D041
:10299000421C01D10120D4E72B78042B19D1EA6A1B
:1029A000AB69023A93421CD308F10102A2420CD057
:1029B0002B78042B08D10023A2EB090249462846B4
:1029C000FFF7FEFD0028BCD1A146EB6AA342BFD8A9
:1029D000C5E7002241462846FFF70EFF0028DED05B
:1029E000AFE70133AB612B7943F001032B71DBE7D8
:1029F000F3798BB9B468BC4202D10223F371B4E716
:102A000021463046FFF718FE012899D9431CC1D052
:102A100001348442EFD0A8E7032BA6D1B368BB42B0
:102A2000A3D8B2691344BB429FD3E6E770B5C3791C
:102A30000446032B06D181688369CD18A94203D1CE
:102A40000023E371002070BD4E1C20683246FFF762
:102A5000D3FE0028F7D13146F0E700002DE9F74317
:102A600005460191FFF70AFD0446002849D105F10A
:102A70004C09019928464FF40072FFF775FB214677
:102A8000A86407464846FFF771F96C896402B4F5FB
:102A9000004F28BF4FF40044B4F5007F2FD92046E3
:102AA00004F098FC804630B122460021640A0026DA
:102AB000FFF75CF909E06408EEE72346BA194146DE
:102AC000687804F013F818B926446B899E42F4D351
:102AD000404604F08FFC6889801B18BF012003B0BA
:102AE000BDE8F08301366B899E42F4D20123BA1906
:102AF0004946687803F0FAFF0028F3D0EBE7002698
:102B0000F1E70120EBE70000F8B50446FFF7B6FC5B
:102B10000546002842D12378032B37D12779012F8E
:102B200034D104F14C0601464FF400723046FFF7F1
:102B30001DF955234122722184F84A32AA2304F553
:102B40000D7084F84F2084F84B32522384F83012F1
:102B500084F84C3084F84D30612384F8311284F8C5
:102B60004E3084F83332A16984F83222FFF7E4FA58
:102B7000616904F50E70FFF7DFFA626B3B46314680
:102B800001326078A26403F0B1FF25710022607801
:102B9000114603F0CFFF003818BF0120F8BD000038
:102BA00000232DE9F0430B6085B00F461546FFF773
:102BB0001BFB061EC0F2B281804B53F82640002C4E
:102BC00000F0AE813C6005F0FE0523786BB16078C3
:102BD00003F066FFC70708D41DB110F0040500D04C
:102BE0000A25284605B0BDE8F0830023F0B2237023
:102BF000607003F041FFC10700F194810DB14207FD
:102C0000EED400212046FFF779FC022840F099809D
:102C10006E4604F2122304F2522132461846103353
:102C2000FFF784FA42F8040B8B42F7D1002556F8DF
:102C3000041B00297DD02046FFF760FC012879D8CD
:102C40000128A26C40F0C08004F1570304F18C010C
:102C500013F8015B002D7BD18B42F9D1B4F8B4306D
:102C6000B3F5807F74D194F8B830092B70D104F19A
:102C70009400FFF75DFA4FF0FF33171841F10001A0
:102C8000BB4275EB010363D304F1A000FFF74EFADA
:102C900094F8BA302063012BA37059D194F8B990FD
:102CA00003FA09F91FFA89F36381002B50D0444BD2
:102CB00004F1A800FFF73AFA0646984248D8831C68
:102CC000626304F1A400E362FFF730FA00EB02084C
:102CD00004F19C00C4F84080FFF728FA10441FFA62
:102CE00089F2A06306FB02F313EB080345EB050230
:102CF0009F4271EB02032BD32E4604F1AC00FFF789
:102D000015FAE06365B96389B34221D9E16B2046C6
:102D1000FFF72AFA81192046FFF7D6FB98B901364A
:102D2000631993F84C30812B14D02035C5F3080576
:102D3000E8E703200135042D7FF479AF042807D19B
:102D400001E0042801D101254BE701287FF678AF87
:102D50000D2546E705F1140004F14C063044FFF759
:102D6000E5F901280546F3D9E36A8342F0D9618980
:102D7000821E236C02FB01336364A16B204601EBCE
:102D8000D511FFF7A1FB0028DDD105F07F0006EB90
:102D90008000FFF7CBF9431C03D00135A842ECD0EB
:102DA000D6E70425C4E90500064A257000251388E6
:102DB000E56101339BB21380E38012E73C360020CB
:102DC000FDFFFF7F40360020B4F85730B3F5007F99
:102DD000BED1B4F8626026B904F17000FFF7A6F91D
:102DE000064694F85C302663591EA3700129AFD8BB
:102DF00094F859506581002DAAD0691E2942A7D1A7
:102E0000B4F85D8018F00F0FA4F80880A0D1B4F8D2
:102E10005F0018B904F16C00FFF788F9B4F85A1094
:102E2000002995D006FB03FE01EB181CF444604515
:102E30008ED3A0EB0C00A842B0FBF5F388D33E483C
:102E4000834285D84FF6F57083426DD903259F1CC8
:102E5000114402EB0C03032DE7626263A163236458
:102E60004CD1B4F8763053EA08037FF471AFBB005D
:102E700004F17800FFF75AF9E06303F2FF13B6EBB1
:102E8000532FFFF465AF4FF0FF33032DC4E9053333
:102E90004FF08003237187D1B4F87C30012B83D1AC
:102EA000511C2046FFF710FB00287FF47DAFB4F8DB
:102EB0004A224AF6552320719A427FF475AF1F4B80
:102EC00004F14C00FFF732F998427FF46DAF03F143
:102ED000FF5304F50C70FFF729F903F50053203375
:102EE00098427FF461AF04F50D70FFF71FF9A06100
:102EF00004F50E70FFF71AF9606155E7B8F1000F9D
:102F00003FF426AF7144022D4FEA4703E1631EBF31
:102F1000D91907F0010303EB5103AEE70B2560E677
:102F20000C255EE603255CE640F6F575AB428CBFEA
:102F3000022501258BE700BFF5FFFF0F52526141CB
:102F40002DE9F84F07460568884649B96E69C6B14C
:102F5000EB6AB34298BF0126AB69A3B9002405E030
:102F6000FFF76AFB0128044603D801242046BDE888
:102F7000F88F421C00F0D280EB6A8342F6D84646B6
:102F8000EAE70126E8E72A78EB6A042A40F0838022
:102F9000A6F1020A023B4FF0010B9A4528BF4FF001
:102FA000000AD146696C284601EB1931FFF78CFA0B
:102FB00000283BD109F00703EA6AC9F3C8010BFAFC
:102FC00003F3901EDBB26A184C4609F1010992F82E
:102FD0004C20814502EA030233BF5B0000234FF41B
:102FE0000071DBB228BF9946B2B90234631E0333C5
:102FF000BCD80123214628461A46FFF7E1FA0228E9
:10300000B3D0012800F08A80B8F1000F13D1022359
:10301000FB710028A9D130E0CA450AD0002BD2D1DB
:103020000131B1F5007FBDD20123CCE74FF0FF3471
:10303000DCE70024DAE7FB79022B07D1731CA342FB
:10304000E7D0BB68F31ABB610323FB7108F10102EF
:10305000FB69A24205D113B10133FB61D9E7022319
:10306000FBE70BB90123FB61224641463846FFF7D7
:1030700047FC00284FD10123FB61EA6AAB69023AA1
:103080006C6193429CBF03F1FF33AB612B7943F03A
:1030900001032B716AE7464514D1741C3846A342DC
:1030A00098BF02242146FFF7C7FA01283FF45DAF1D
:1030B000431C33D0E0B16B69012B03D9EA6A934218
:1030C00038BF1E4634460134EB6AA34203D8012EB2
:1030D0007FF644AF022421463846FFF7ADFA48B1E7
:1030E00001283FF442AF013018D0B442EBD135E7AC
:1030F000002CE7D04FF0FF3221462846FFF77CFB3B
:1031000048B9B8F1000FB8D0224641462846FFF72B
:1031100073FB0028B1D001287FF427AF4FF0FF34B4
:1031200024E700002DE9F84306680446076B89464A
:1031300033782037042B0CBF4FF080534FF400132B
:10314000BB429CBF00238363836B73B1C7F3080842
:10315000B8F1000F3CD10133416B836339B9338936
:10316000B3EB571F34D80023A36304200AE073890C
:10317000013B13EA57232BD1FFF75EFA01280546DE
:1031800002D80220BDE8F883421C01D10120F9E7F2
:10319000F36A834216D8B9F1000FE4D0616B204680
:1031A000FFF7CEFE0546C8B10128EAD0431CEDD09A
:1031B00001463046FFF752FC0028E7D1E37943F09F
:1031C0000403E371294630466563FEF7CDFFA06333
:1031D0004C36002027634644E663D3E70720D1E757
:1031E000F8B50E46002104460768FFF7BDFA98B906
:1031F0000546A16B3846FFF767F968B93A78E36B83
:10320000042A1B780CD11B060ED505460121204649
:10321000FFF788FF0028ECD0042808BF072006E04D
:10322000E52B01D0002BF0D10135B542EED1F8BD30
:10323000C16C4B1C2DE9F04104460568066B1FD19B
:10324000E5274FF00108A16B2846FFF73DF998B933
:103250002A78E36B042A09BF1A781F7002F07F02F4
:103260001A7085F80380236BB3420DD200212046EB
:10327000FFF758FF0028E6D0042808BF022003E02B
:10328000FFF772FA0028DBD0BDE8F0812DE9F041AC
:1032900005460068A96B0669FFF716F9044620B9D0
:1032A000EB6B1A78852A03D002242046BDE8F08112
:1032B000324603F1200153F8040B8B4242F8040B11
:1032C000F9D1777801377F01A7F16003B3F5007F6B
:1032D000EAD800212846FFF725FF04280446E3D05A
:1032E0000028E2D1A96B2868FFF7EEF80446002811
:1032F000DBD1EB6B1A78C02AD6D106F1200203F19C
:10330000200153F8040B8B4242F8040BF9D196F8D4
:1033100023300F222C33B3FBF2F3B7EB431FC3D39D
:103320004FF0400800212846FFF7FCFE0428044621
:10333000BAD00028B9D1A96B2868FFF7C5F80446B0
:103340000028B2D1EB6B1A78C12AADD1B8F5187F3D
:1033500009D206EB080203F1200153F8040B8B425B
:1033600042F8040BF9D108F120084745DAD8B8F53E
:10337000187F9AD83046FEF71FFF7388834294D097
:1033800092E700000B68002210B5036004460B6A48
:1033900083604B6AC261C37123F0FF03896AC0E98D
:1033A0000432C164FFF7E0F920B92046BDE81040BF
:1033B000FFF76CBF10BD0000F8B503680546012794
:1033C0001C692046FEF7F8FEA070000A6678E070DF
:1033D0002846E96CFFF7C8F920B1022828BF02206F
:1033E000C0B2F8BDA96B2868FFF76EF80028F4D1C9
:1033F000EB6B04F1200254F8041B944243F8041BC5
:10340000F9D12B68DF70002EE7D000212846013E5D
:10341000FFF788FEE0E700002DE9F8434FF0FF08D2
:1034200006460768042445464FF6FF79B16B11B98B
:10343000002C73D063E03846FFF746F804460028B6
:103440005DD1F06B0378002B6ED03A78042A11D14D
:10345000852B4DD1336B3046F364FFF717FF0446DD
:1034600000284CD13B691B7903F03F03B371204620
:10347000BDE8F883C27AE52B02F03F02B27143D077
:103480002E2B41D022F0200108293DD00F2A40D117
:10349000590637D503F0BF05336B90F80D80F36400
:1034A000437B434530D1428B72BB03780D21FC68CE
:1034B00023F04003DFF874E0013B4B4301211EF889
:1034C00001CB30F80CC009B3FF2B1DD824F813C072
:1034D0006146013301320D2AF1D10278520605D539
:1034E00021B1FF2B10D8002224F81320013DEDB2AA
:1034F00000213046FFF716FE0446002896D0002330
:10350000B363B4E7AB42CBD0FF25F1E7CC45E1D0C4
:10351000FAE72DB9FEF740FE404501D10024A6E7A9
:103520004FF0FF33F364A2E70424E8E75493000864
:103530002DE9F04F002187B00446D0F80090FFF746
:1035400013F9804670B999F80030042B33D1D9F8BB
:103550000C00FEF779FF07462046FFF75DFF0546A2
:1035600020B18046404607B0BDE8F08FD9F8103052
:103570009A8CBA42F0D193F823B040265D4506D12B
:10358000D9F80C3033F81530002BE5D1EAE7F10615
:10359000D9F8103008BF0236985B01F04DF8D9F821
:1035A0000C30824633F8150001F046F88245D3D13D
:1035B00002360135E2E74FF0FF0A4FF0FF3B554678
:1035C000C4F84CB0A16B4846FEF77EFF00285CD1E2
:1035D000E66B3778002F77D0F27AE52F02F03F03C1
:1035E000A37103D0120704D50F2B04D0C4F84CB03C
:1035F0004FE00F2B54D194F84B3058063FD4790646
:1036000045D5236B07F0BF0796F80DA0E364737BE5
:1036100053453ED1738B002B3BD135780121D9F82E
:103620000C3005F03F0501930D23013D5D43284B10
:1036300013F8012BB25A71B3FF2D059329D8104608
:10364000049200F0F9FF6B1C03900293019B33F886
:10365000150000F0F1FF039981421AD1049A029DEE
:103660001146059B1B4A9342E2D133785A0604D592
:1036700019B1019B33F815305BB97D1EEDB2002105
:103680002046FFF74FFD00289CD080466AE7BD42E8
:10369000BDD0FF25F3E74FF6FF708242E2D0F8E796
:1036A0002DB93046FEF778FD50453FF45BAF94F8F6
:1036B0004B30DB079AD40B2204F14001304605F071
:1036C0000FFD002892D14DE74FF004084AE700BFF4
:1036D00054930008619300082DE9F04F90F84BB027
:1036E00099B004461BF0A00540F068810668F268B6
:1036F00032F81530002B4AD13378042B40F0878004
:103700000F230E352046B5FBF3F5A91CFFF768FD26
:103710008146002877D1236B0135A3EB4515E3796A
:103720005A07E56435D523F004032046E371FFF71B
:103730007DF950BB4FF0FF32616B2046FFF7E0F898
:1037400018BBA3682BB3214604A8FFF71BFEE0B902
:1037500070894FF40071D4E90423E0FB0123306940
:10376000C4E904233830FEF7EFFC3069D4E90423C0
:103770002830FEF7E9FCE379326904A843F001033D
:1037800082F82130FFF718FE18B181463BE0013581
:10379000AEE7D6E90354402200212046FEF7E6FAC0
:1037A0008523012140222370C0234FF0C10C04EB7C
:1037B000010884F8203000231E469E46571C04F85A
:1037C00002C0F0B2023204F807E021B135F813105C
:1037D00009B10133DBB20F0AA15408F802700232BA
:1037E000D706F2D135F813700136002FE6D184F8F0
:1037F0002330831C28466370FEF726FE84F82400DD
:10380000000A84F82500484619B0BDE8F08F04F19D
:1038100040070DF1100A1BF0010F97E807008AE836
:10382000070000F0D38040234FF0010884F84B30AC
:10383000BC46F368B8F1050F9AE80700ACE803004E
:103840002CF8022B4FEA12428CF8002059D9981E0E
:10385000424630F8021F002942D10DF10F0C07211A
:1038600002F00F0E914612090EF13000392888BF80
:103870000EF1370001390CF8010902D0B9F10F0F30
:10388000EED818AB7E205A1802F8580C38460022A1
:10389000914206D010F801CB02F1010EBCF1200FCD
:1038A00031D104F13F0C072902F1010297BF18AB97
:1038B00020205818013198BF10F8580C072A0CF82E
:1038C0000200F0D92046FFF733FE8146002878D168
:1038D00008F10108B8F1640FAAD14FF0070992E787
:1038E0004FF0100C01F0010E49080EEB4202D30319
:1038F00044BF82F4883282F02102BCF1010CF1D184
:10390000A7E74246A9E77246C2E7216B2046A1EB32
:103910004511FEF729FF814600287FF474AF4FF66A
:10392000FF783846FEF738FC0190A16B3046FEF771
:10393000CBFD814600287FF466AFE36BE9B2019AC4
:103940004FF00D0CD6F80CE05A734FF00F02DFF871
:10395000E0A0DA724A1E18730CFB02F284469876D5
:10396000D87640451AF8019B0CF1010C18BF3EF8BF
:10397000120003EB090B18BF013203F809004FEAEC
:103980001029002808BF4046BCF10D0F8BF80190AC
:10399000E7D1404502D03EF812200AB941F040017B
:1039A0001970012300212046F370FFF7BBFB81460D
:1039B00000287FF428AF013DB7D11BE04FF0060986
:1039C00021E704287FF41FAF84F84BB01BF0020FEF
:1039D00020461BBF0C350D210125B5FBF1F518BFA5
:1039E00001352946FFF7FCFB814600287FF40BAF29
:1039F000013D8AD1A16B3046FEF766FD8146002865
:103A00007FF401AF01462022E06BFEF7AFF9E36BD4
:103A100003CF18605960BA7839889A72198194F87E
:103A20004B30E26B03F0180313730123F370EAE6E3
:103A30005493000810B504460A463430FEF776FB6E
:103A4000886004F13800FEF773FBC2E9040194F8C2
:103A5000213003F00203D3710023D36110BD0000B5
:103A600003284B8B04BF8A8A43EA024318467047F7
:103A70002DE9F04F0B7899B0044689462F2BD0F8EA
:103A800000B001D05C2B09D14A461378914601322F
:103A90002F2BFAD05C2BF8D0002301E0DBF81C3090
:103AA000A3600023E3619BF80030042B1ED1A368C0
:103AB000E3B1DBF82030214604A82362DBF8243090
:103AC0006362DBF82830A362FFF75CFC0346002842
:103AD00054D1DBF8102002F13800FEF727FBC4E9CF
:103AE000040392F8213003F00203E37199F80030E7
:103AF0001F2B00F2358180230021204684F84B30B3
:103B000019B0BDE8F04FFEF72FBE49460B78894645
:103B100001312F2BFAD05C2BF8D01F2B8CBF002546
:103B20000425012F2FD113882E2B31D1002322F809
:103B3000173004F140029F428CBF2E212021013317
:103B40000B2B02F8011BF6D145F02005204684F826
:103B50004B50FFF7EDFC94F84B30002800F0E78065
:103B600004280BD1990603F0040240F1DC80002AFE
:103B700000F0F6808023002084F84B3019B0BDE8B7
:103B8000F08F0425CDE7022F02D153882E2BCAD007
:103B9000911E87BB002322F81730002F00F01181FF
:103BA00032F81300194601332028F9D009B92E281C
:103BB00001D145F00305901E30F817302E2B01D0AF
:103BC000013FF9D14FF020334FF0000A6364D04633
:103BD0002364C4F847300823481C32F81160009071
:103BE000F6B1202E03D02E2E0DD1B84210D045F0C4
:103BF00003050099F0E731F81730202B01D02E2B68
:103C0000C8D1013FC5E79A4505D20099B9423BD1D9
:103C10000B2B30D101E00B2B27D145F003050B23F3
:103C200094F84020E52A04BF052284F84020082BA0
:103C300004BF4FEA88085FFA88F808F00C030C2BE1
:103C400003D008F00303032B01D145F00205A807B8
:103C50003FF57CAF18F0010F18BF45F0100518F0C4
:103C6000040F18BF45F0080570E70099B94202D06B
:103C700045F00305D4D84FEA88080B234FF0080A13
:103C800000975FFA88F8B4E77F2E15D9304640F2E6
:103C90005231CDE9022345F00203019300F098FC74
:103CA00010F0800F0646DDE9022316D000F07F06F3
:103CB00046498E5D019D46B331464548CDE9012315
:103CC00005F038FADDE90123F8B9A6F1410189B21E
:103CD00019291ED848F0020810E0FF28EAD9591E19
:103CE0008A4503D345F003059A4682E704EB0A01AF
:103CF000000A0AF1010A019D81F8400004EB0A0163
:103D00000AF1010A81F8406073E745F003055F2678
:103D1000F4E7A6F1610189B219299EBF203E48F05F
:103D20000108B6B2EAE7002A08BF052026E75A07CD
:103D30003FF524AFA379DB0645D59BF800000428A6
:103D400035D1A3682146E27923622369DBF81000AC
:103D500023F0FF0313436362E36CA362FFF76AFE81
:103D600023680027DA6819F8010B00283FF409AF2F
:103D700040F25231009200F04BFC054608B31F2878
:103D8000009A7FF6FEAE2F283FF4BFAE5C283FF4CA
:103D9000BCAE7F2805D801460E4805F0CBF9009A45
:103DA00078B9FF2F0DD022F817500137DBE7216BD0
:103DB0000BF14C03C1F308011944FFF751FEA06059
:103DC000CEE70620DAE60520D8E600BFD492000848
:103DD000CD920008C49200081FB5CDE9001003A8D9
:103DE00014460391FEF700FA002815DB0B4A52F83F
:103DF00020300BB100211970019B0BB1002119700B
:103E000042F820302CB1002201A96846FEF7C8FE16
:103E10000446204604B010BD0B24FAE73C360020CF
:103E20002DE9F04798B0904605460191002800F032
:103E3000528102F03F0603A901A83246FEF7B0FE08
:103E4000002840F04681039B4FF48C60049303F0FC
:103E5000C1FA0746002800F04081039B00F500727C
:103E60000199D86004A81A61FFF702FE044620B940
:103E70009DF95B30002BB8BF062418F01C0F00F032
:103E8000CD80002C4CD0042C40D104A8FFF724FC9A
:103E9000044600283AD146F00806039B1A78042A03
:103EA00040F08380186929462B60FFF7C3FD039B10
:103EB0001E22002118690230FDF758FF039C0021E3
:103EC0001A2220692630FDF751FF236920221A713A
:103ED000246903F0B9FA0146012208342046FEF7AE
:103EE0002BF9039B04A81B6983F82120FFF764FAD0
:103EF000044658B9A96801B302462846FEF718FDE2
:103F0000AB68039A0446013B5361B4B1384603F0F1
:103F100071FA0CB100232B60204618B0BDE8F08781
:103F20009DF8163013F0110F40F0848018F0040F44
:103F300040F0C98018F0080FAFD1039A31071399E8
:103F4000936C48BF46F04006E964AB6410780428DF
:103F500072D1069B9DF817102B62089B106923F005
:103F6000FF030B4329466B62179BAB62FFF762FDB1
:103F7000DDF80CA00024002205F15008BAF8063044
:103F800021464046C5F800A0AB80002385F830608C
:103F900085F831406C64C5E90E234FF40072FDF7DB
:103FA000E5FEB20653D40024B0E703F04DFA014613
:103FB000009013980E30FEF7BFF813980099163052
:103FC000FEF7BAF8039C13992078FFF749FD2023E8
:103FD00000228046CB7220461399FEF7D1F8139B3E
:103FE000002201211A775A779A77DA77039BD970E2
:103FF000B8F1000FA1D0414604A8D3F84890FEF7CD
:1040000097FC0446002881D149460398FEF75CFAE4
:10401000039B044608F1FF30586176E7002C7FF4DB
:1040200075AF9DF81630DC064FD418F0020F84D01F
:10403000D80782D5072469E7FFF712FD0023A8609F
:1040400001F11C00FEF772F86B61286190E7D5E979
:10405000046956EA0903A6D0BAF80AA0A9684FEA8B
:104060004A2AC5E90E69B24574EB09031BD3002443
:104070002964002C7FF44AAFC6F30803002B92D0CA
:10408000039C2046FEF770F808B3760A01234146E8
:1040900046EAC95682196A64607802F003FD041E7C
:1040A00018BF012432E72846FEF7C6FAB6EB0A0627
:1040B000014669F10009012803D9431CD3D1012429
:1040C000D6E70224D4E7082420E704241EE70224CC
:1040D0001CE704461EE709241EE711241CE7000024
:1040E0002DE9F04F994685B00023884603A9044680
:1040F000C9F800301646FEF791F8054680BB94F8E3
:1041000031506DBB94F8303013F00103009300F090
:10411000A68004F1500AD4E90432D4E90E011B1A36
:1041200062EB0102B34272F1000238BF1E46BEB11B
:10413000D4E90E10C1F30803002B40F08280039BEA
:104140005A894B0A013A43EAC0531A401BD151EA3B
:10415000000309D1A06801280DD8022584F8315048
:10416000284605B0BDE8F08F216C20460192FEF78D
:1041700063FA019AEFE7431C04D10123009D84F800
:104180003130EDE72064DDF80CB0216C5846FDF7C6
:10419000EBFF0028E1D0B6F5007F02EB000731D33A
:1041A000BBF80A1002EB5620730A88429BF8010004
:1041B00088BF8B1A3A464146019302F073FC0028EF
:1041C000DBD194F93020019B002A0BDA606CC01B14
:1041D000984207D24FF40072514608EB4020FDF799
:1041E0009FFD019B5F02D9F80030F61BB8443B44A9
:1041F000C9F80030D4E90E32DB1942F10002C4E9FB
:104200000E3294E7626CBA421AD094F93030002B27
:104210000DDA012351469BF8010002F067FC0028EB
:10422000ABD194F8303003F07F0384F8303003983A
:1042300001233A465146407802F034FC00289CD1D4
:104240006764A16B4046C1F30801C1F50077514492
:10425000B74228BF37463A46FDF762FDC3E7072558
:104260007EE7000070B596B00E460022019002A9CC
:1042700001A8FEF795FC0446E0B94FF48C6003F00A
:10428000A9F80546D8B1029B00F500720199D860E3
:1042900002A81A61FFF7ECFB044640B99DF95330C0
:1042A000002B0ADB1EB1314602A8FDF7EDFF2846C0
:1042B00003F0A0F8204616B070BD0624F7E71124DD
:1042C000F8E7000070B5B8B00222019003A901A878
:1042D000FEF766FC044608BB039B4FF48C6010930A
:1042E00003F078F80546002866D0039B00F50072BD
:1042F0000199D86010A81A61FFF7BAFB044650B9BB
:104300009DF88B30980655D4190653D49DF8463045
:10431000DA0706D50724284603F06CF8204638B0A3
:1043200070BD039B04931878042814D104A918695C
:10433000FFF780FB069E9DF84630DB0610D410A8E0
:10434000FEF776FF04460028E5D156BB0398FEF73A
:10435000DBFB0446DFE71F99FFF782FB0646EAE72F
:10436000039BDA69B242D5D024930021269624A873
:104370001B78042B01BFDDE90823CDE928239DF834
:1043800017308DF89730FEF7EFF904460028C2D1B8
:1043900024A8FFF741F804460028BBD00428BAD16E
:1043A000CDE70246314604A8FEF7C2FA04460028CB
:1043B000B1D1CBE70624AEE71124AFE7F0B5BDB02D
:1043C000CDE900106846FDF70FFF022203A901A8FE
:1043D000FEF7E6FB0446002841D1039B4FF48C60B6
:1043E000149302F0F7FF0546002800F0EE80039BCF
:1043F00000F5007214AE0199D8601A613046FFF7DB
:1044000037FB044640BB9DF89B3013F0A00F40F0F3
:10441000D880039B009F1A78042A68D11B6904ACDA
:1044200003F1400C1868083353F8041C2246634516
:1044300003C21446F6D15022314628A8FDF770FC7D
:10444000394628A8FFF714FB044600284CD12A9AC5
:10445000169B9A4206D00824284602F0CBFF20463D
:104460003DB0F0BD349A209B9A42F4D128A8FFF7C2
:1044700033F904460028EFD1039B04AF1B6993F87E
:1044800001E093F823C09C8C3A46083303CAB24239
:1044900043F8080C43F8041C1746F5D1039B28A8E1
:1044A0001B6983F801E0039B1A6982F823C01A692B
:1044B00082F82440240A82F825401A691379D90623
:1044C0005CBF43F020031371FEF776FF044600281B
:1044D000C2D13046FEF7ACFE04460028BCD103989A
:1044E000FEF712FB0446B7E70428B5D1BEE7239ACE
:1044F00004AB02F1200C1068083252F8041C1C4670
:10450000624503C42346F6D15022314628A8FDF760
:1045100007FC394628A8FFF7ABFA044600284CD11F
:104520002A9A169B9A4296D1349A209B9A4292D10B
:1045300028A8FFF7D1F8044600288DD137990DF14E
:104540001D030DF12D0001F10D0253F8044B8342C0
:1045500042F8044BF9D11888012710809B7893709A
:104560009DF81B30039CDA0658BF43F02003CB7242
:10457000E770CB7ADB06ACD5169A2A9B9A42A8D074
:104580002078FFF76DFA01462046FDF7EDFD014664
:10459000C8B12046FDF798FF044600287FF45CAFC1
:1045A000039890F86D302E2B93D12A9A00F16C016C
:1045B000FDF7E6FD039BDF708BE704287FF44CAF2B
:1045C000B6E7062448E7022446E7112447E700003F
:1045D0007F2810B501D880B210BDB0F5803F13D24E
:1045E00040F2523399420FD10849002231F8024B70
:1045F00093B2844203D103F18000C0B2ECE70132F0
:10460000802AF3D11346F6E70020E5E71496000868
:104610007F280DD940F25233994208D1FF2806D89D
:1046200000F10040034B803833F810007047002041
:10463000704700BF14960008B0F5803FF0B522D255
:104640001F4A83B21F49B0F5805F28BF0A46141D78
:1046500034F8042C2146AAB1934213D334F8025CF7
:104660002E0AEFB252FA85F5A84222DA082E09D8AE
:10467000DFE806F0050A10121416181A1C00801A3A
:1046800034F810301846F0BD981A00F001001B1ADB
:104690009BB2F7E7103BFBE7203BF9E7303BF7E73E
:1046A0001A3BF5E70833F3E7503BF1E7A3F5E35393
:1046B000EEE70434002ECBD101EB4702C7E700BF81
:1046C000649300085895000808B5074B074A196815
:1046D00001F03D01996053680BB190689847BDE8BF
:1046E000084003F0D9B800BF000002404436002063
:1046F00008B5084B1968890901F03D018A019A60E3
:10470000054AD3680BB110699847BDE8084003F02B
:10471000C3B800BF000002404436002008B5084B73
:104720001968090C01F03D010A049A60054A5369B1
:104730000BB190699847BDE8084003F0ADB800BFE1
:10474000000002404436002008B5084B1968890D66
:1047500001F03D018A059A60054AD3690BB1106AE0
:104760009847BDE8084003F097B800BF000002403A
:104770004436002008B5074B074A596801F03D014F
:10478000D960536A0BB1906A9847BDE8084003F0BE
:1047900083B800BF000002404436002008B5084B33
:1047A0005968890901F03D018A01DA60054AD36A36
:1047B0000BB1106B9847BDE8084003F06DB800BF1F
:1047C000000002404436002008B5084B5968090C27
:1047D00001F03D010A04DA60054A536B0BB1906B9E
:1047E0009847BDE8084003F057B800BF00000240FA
:1047F0004436002008B5084B5968890D01F03D0189
:104800008A05DA60054AD36B0BB1106C9847BDE896
:10481000084003F041B800BF0000024044360020C9
:1048200008B5074B074A196801F03D019960536CC0
:104830000BB1906C9847BDE8084003F02DB800BF5D
:10484000000402404436002008B5084B1968890965
:1048500001F03D018A019A60054AD36C0BB1106DDD
:104860009847BDE8084003F017B800BF00040240B5
:104870004436002008B5084B1968090C01F03D01C9
:104880000A049A60054A536D0BB1906D9847BDE8D4
:10489000084003F001B800BF000402404436002085
:1048A00008B5084B1968890D01F03D018A059A6029
:1048B000054AD36D0BB1106E9847BDE8084002F071
:1048C000EBBF00BF000402404436002008B5074B90
:1048D000074A596801F03D01D960536E0BB1906EE3
:1048E0009847BDE8084002F0D7BF00BF000402406F
:1048F0004436002008B5084B5968890901F03D018C
:104900008A01DA60054AD36E0BB1106F9847BDE893
:10491000084002F0C1BF00BF00040240443600203E
:1049200008B5084B5968090C01F03D010A04DA602A
:10493000054A536F0BB1906F9847BDE8084002F0ED
:10494000ABBF00BF000402404436002008B5084B4E
:104950005968890D01F03D018A05DA60054AD36F77
:1049600013B1D2F880009847BDE8084002F094BF28
:10497000000402404436002000230C4910B51A46BA
:104980000B4C0B6054F82300026001EB430004332E
:104990004260402BF6D1074A4FF0FF339360D3605B
:1049A000C2F80834C2F80C3410BD00BF44360020F1
:1049B00014970008000002400F28F8B510D91028FD
:1049C00010D0112811D0122808D10F240720DFF8A9
:1049D000C8E00126DEF80050A04208D9002653E0C6
:1049E0000446F4E70F240020F1E70724FBE706FA6A
:1049F00000F73D424AD1264C4FEA001C3D4304EBF0
:104A000000160EEBC000CEF80050C0E90123FBB247
:104A100073B12048D0F8D83043F00103C0F8D83043
:104A2000D0F8003143F00103C0F80031D0F8003174
:104A300017F47F4F0ED01748D0F8D83043F0020358
:104A4000C0F8D830D0F8003143F00203C0F800318C
:104A5000D0F8003154F80C00036823F01F03036002
:104A6000056815F00105FBD104EB0C033D2493F818
:104A70000CC05F6804FA0CF43C60212405604461BA
:104A800012B1987B00F0D8FC3046F8BD0130A3E7A6
:104A900014970008004402584436002010B5302412
:104AA00084F31188FFF788FF002383F3118810BD7A
:104AB00010B50446807B00F0D5FC01231549627BCC
:104AC00003FA02F20B6823EA0203DAB20B6072B94E
:104AD000114AD2F8D81021F00101C2F8D810D2F84A
:104AE000001121F00101C2F80011D2F8002113F4E5
:104AF0007F4F0ED1084BD3F8D82022F00202C3F822
:104B0000D820D3F8002122F00202C3F80021D3F804
:104B1000003110BD443600200044025808B530234F
:104B200083F31188FFF7C4FF002383F3118808BDC6
:104B3000836CC26A8B42506810B506D95A1E4C006D
:104B400002EB4103B3FBF4F3184410BD01F0010381
:104B50008A0748BF43F002034A0748BF43F00803EF
:104B60000A0748BF43F00403CA0648BF43F01003D6
:104B70008A06426B48BF43F02003134343637047E8
:104B800010B5074C204600F0D9FF064B0022C4E9BF
:104B90001023054BA364054BE363054BE36410BD91
:104BA000C83600200024024800B4C4041C3700208A
:104BB0001C390020C36A0BB9104BC3620379012B67
:104BC00011D10F4B98420ED10E4BD3F8DC2042F49A
:104BD0000072C3F8DC20D3F8042142F40072C3F859
:104BE0000421D3F80431436C00221A65DA621A609A
:104BF0005A605A624FF0FF329A6370471498000867
:104C0000C8360020004402580379012B29D0436C98
:104C100000221A65DA621A605A605A624FF0FF3257
:104C20009A63104B98421CD10F4BD3F8842042F466
:104C30000072C3F88420D3F8842022F40072C3F8F1
:104C40008420D3F88420D3F8DC2022F40072C3F847
:104C5000DC20D3F8042122F40072C3F80421D3F835
:104C600004317047C83600200044025810B5446C27
:104C70000649FFF75DFF6060236842F2107043F061
:104C800003032360BDE8104001F06EBD801A0600EA
:104C90000129F8B5466C0B4F09D175680A493D40AA
:104CA000FFF746FF054345F480557560F8BD74680D
:104CB00006493C40FFF73CFF044344F480547460D1
:104CC000F4E700BF00ECFFFF80F0FA0240787D01BE
:104CD000436C00225A601A6070470000426C012940
:104CE000536823F4404304D0022905D001B953602E
:104CF000704743F48043FAE743F40043F7E70000CA
:104D0000436C41F480519A60D9605A6B1206FCD50D
:104D100080229A637047000010B541F48851446CBA
:104D2000A260E160616B11F04502FBD0A26311F05B
:104D3000040203D0FFF70AFF012010BD616910468D
:104D40001960FAE710B541F48851446CA260E16043
:104D5000616B11F04502FBD0A26311F0050203D094
:104D6000FFF7F4FE012010BD616910461960FAE7F3
:104D700073B5134604460E46302282F31188426C06
:104D8000D26B32B14FF0FF314030019301F0F8FCAB
:104D9000019B606C00220265C263C262456B15F420
:104DA000807504D185F31188012002B070BD4FF0E9
:104DB000FF31816382F31188012E06D90C21204630
:104DC00002B0BDE87040FFF7BDBF1046EDE7000040
:104DD00073B5446C0E4600250192616BA163256595
:104DE000E562FFF7B3FE012E07D9019B2A460C218D
:104DF00002B0BDE87040FFF7A5BF02B070BD000073
:104E000010B541F49851446CA260E160616B11F0FF
:104E10004502FBD0A26311F03F0203D0FFF796FEDC
:104E2000012010BD216A10461960E1695960A1692D
:104E300099606169D960F4E72DE9F743044601916F
:104E4000006D01A91746984602F040FC064600286E
:104E50004AD0626C2046DDF804905568C5F3090518
:104E600001356B00A56CB5FBF3F54FF47A73B5FB18
:104E7000F3F55D43556200F027FE50BB636C4FF0C5
:104E8000FF3201254146C3F8589020461D659A63BC
:104E90004FF49572DA6342F207029F62DA62E36CC2
:104EA0000A9AFFF74FFFA0B9E26C104B11680B4054
:104EB0007BB929462046FFF75BFF054648B92E46D9
:104EC0003A460199206D02F039FC304603B0BDE846
:104ED000F083E26C20460121FFF77AFF3A46019900
:104EE000206D02F02BFCF0E70126EEE708E0FFFD65
:104EF0002DE9F7431F46436C01924FF47A725D68C7
:104F000004468846C5F3090501356E00856CB5FB7E
:104F1000F6F5B5FBF2F555435D6200F0D5FD20B125
:104F20000125284603B0BDE8F0837E0201A9206D6B
:104F3000324602F0CBFB05460028F1D0636C019AA3
:104F4000D4F84C909A6501221A654FF0FF329A63AB
:104F50004FF49572DA639E62236BDB064B4658BFB3
:104F60004FEA4828012F42461BD912212046FFF75D
:104F7000E9FEC0B9D9F80020104B13409BB9636C0F
:104F800042F2930239462046DA62E26CFFF7F0FE05
:104F9000804640B932460199206D454602F0CEFB6D
:104FA000BFE71121E2E7E26C39462046FFF710FF28
:104FB00032460199206D02F0C1FBB2E708E0FFFD27
:104FC0002DE9F3411F46436C01924FF47A725D68FC
:104FD00004468846C5F3090501356E00856CB5FBAE
:104FE000F6F5B5FBF2F555435D6200F06DFD20B1BD
:104FF0000125284602B0BDE8F0817E0201A9206D9E
:10500000324602F0B3FB05460028F1D0636C019AEA
:105010009A6501221A654FF0FF329A634FF48D7240
:10502000DA639E62236BE66CDB06334658BF4FEAB9
:105030004828012F424619D919212046FFF782FE40
:10504000B0B932680F4B134093B9636C42F29102CE
:1050500039462046DA62E26CFFF78AFE064638B926
:1050600001993546206D02F0BDFBC2E71821E4E747
:1050700039462046E26CFFF7ABFE0199206D02F045
:10508000B1FBB6E708E0FFFD12F0030F2DE9F04198
:1050900007460C4615461E4617D00E44B44202D1B0
:1050A0000020BDE8F0810123FA6B21463846FFF766
:1050B0001FFF0028F5D128464FF40072F96B05F563
:1050C00000750134FCF72CFEE8E7BDE8F041FFF77E
:1050D0000FBF000012F0030F2DE9F04107460C4608
:1050E00015461E4617D00E44B44202D10020BDE83A
:1050F000F08129464FF40072F86B05F50075FCF756
:105100000FFE0123FA6B21463846FFF759FF0028AE
:10511000EDD10134E8E7BDE8F041FFF751BF0000F1
:1051200000207047302310B583F311880024436CAE
:1051300040302146DC6301F031FB84F3118810BD5F
:10514000026843681143016003B1184770470000CB
:10515000024A136843F0C0031360704700480040E0
:10516000024A136843F0C0031360704700500040C8
:10517000024A136843F0C003136070470078004090
:10518000064BD3F8E8200243C3F8E820D3F81021F7
:105190001043C3F81001D3F810317047004402588F
:1051A00037B5274C274D204600F028FD04F11400A8
:1051B000009400234FF40072234900F0C3F94FF428
:1051C0000072224904F138000094214B00F03CFAAF
:1051D000204BC4E91735204C204600F00FFD04F1A8
:1051E0001400009400234FF400721C4900F0AAF947
:1051F0004FF400721A4904F138000094194B00F082
:1052000023FA194BC4E91735184C204600F0F6FC78
:1052100004F1140000234FF400721549009400F0CB
:1052200091F9144B4FF40072134904F138000094C3
:1052300000F00AFA114BC4E9173503B030BD00BFC6
:105240002039002000E1F505643A00206440002088
:1052500051510008004800408C390020643C002077
:10526000644200206151000800500040F8390020DD
:10527000643E002071510008644400200078004022
:1052800038B5264D0446037C002918BF0D46012B76
:1052900006D1234B984230D14FF48020FFF770FFA6
:1052A0002A68236EE16D03EB5203A566B3FBF2F3AC
:1052B0006A68100442BF23F0070003F0070343EAC3
:1052C0004003CB60AB6843F040034B60EB6843F0B6
:1052D00001038B6042F4967343F001030B604FF0BF
:1052E000FF330B62510505D512F0102211D0B2F137
:1052F000805F10D084F8643038BD0A4B984205D0E6
:10530000094B9842CCD14FF08040C7E74FF4801052
:10531000C4E77F23EEE73F23ECE700BF1C980008BB
:10532000203900208C390020F83900202DE9F04781
:10533000C66D05463768F469210734621AD014F047
:10534000080118BF4FF48071E20748BF41F0200107
:10535000A3074FF0300348BF41F04001600748BF4A
:1053600041F0800183F31188281DFFF7E9FE002337
:1053700083F31188E2050AD5302383F311884FF4B3
:105380008061281DFFF7DCFE002383F311884FF0B6
:1053900030094FF0000A14F0200838D13B0616D52A
:1053A0004FF0300905F1380A200610D589F311882D
:1053B000504600F07DF9002836DA0821281DFFF755
:1053C000BFFE27F080033360002383F31188790642
:1053D00014D5620612D5302383F31188D5E913233F
:1053E0009A4208D12B6C33B127F040071021281DB9
:1053F000FFF7A6FE3760002383F31188E30618D574
:10540000AA6E1369ABB15069BDE8F047184789F33C
:105410001188736A284695F86410194000F008FC5A
:105420008AF31188F469B6E7B06288F31188F469E9
:10543000BAE7BDE8F0870000090100F160430122EE
:1054400003F56143C9B283F8001300F01F039A40CB
:1054500043099B0003F1604303F56143C3F88021D6
:105460001A60704700F01F0301229A40430900F1BF
:1054700060409B0000F5614003F1604303F5614328
:10548000C3F88020C3F88021002380F800337047E0
:10549000F8B51546826804460B46AA4200D28568D4
:1054A000A1692669761AB5420BD218462A46FCF73E
:1054B00037FCA3692B44A3612846A3685B1BA36048
:1054C000F8BD0CD9AF1B18463246FCF729FC3A460A
:1054D000E1683044FCF724FCE3683B44EBE7184602
:1054E0002A46FCF71DFCE368E5E700008368934269
:1054F000F7B50446154600D28568D4E90460361A2B
:10550000B5420BD22A46FCF70BFC63692B4463615E
:105510002846A3685B1BA36003B0F0BD0DD93246DB
:10552000AF1B0191FCF7FCFB01993A46E06831445E
:10553000FCF7F6FBE3683B44E9E72A46FCF7F0FB9F
:10554000E368E4E710B50A440024C361029B846069
:10555000C16002610362C0E90000C0E9051110BD2D
:1055600008B5D0E90532934201D1826882B98268D8
:10557000013282605A1C426119700021D0E9043264
:105580009A4224BFC368436101F022F9002008BD9C
:105590004FF0FF30FBE7000070B5302304460E46A5
:1055A00083F31188A568A5B1A368A269013BA36034
:1055B000531CA36115782269934224BFE368A36159
:1055C000E3690BB120469847002383F311882846EE
:1055D00007E03146204601F0EBF80028E2DA85F3D7
:1055E000118870BD2DE9F74F04460E4617469846C0
:1055F000D0F81C904FF0300A8AF311884FF0000B5E
:10560000154665B12A4631462046FFF741FF03465D
:1056100060B94146204601F0CBF80028F1D00023C4
:1056200083F31188781B03B0BDE8F08FB9F1000F48
:1056300003D001902046C847019B8BF31188ED1AD7
:105640001E448AF31188DCE7C160C361009B82605D
:105650000362C0E905111144C0E90000016170470F
:10566000F8B504460D461646302383F31188A76823
:10567000A7B1A368013BA36063695A1C62611D70F6
:10568000D4E904329A4224BFE3686361E3690BB151
:1056900020469847002080F3118807E031462046D5
:1056A00001F086F80028E2DA87F31188F8BD0000DF
:1056B000D0E9052310B59A4201D182687AB982688F
:1056C0000021013282605A1C82611C7803699A426F
:1056D00024BFC368836101F07BF8204610BD4FF002
:1056E000FF30FBE72DE9F74F04460E461746984674
:1056F000D0F81C904FF0300A8AF311884FF0000B5D
:10570000154665B12A4631462046FFF7EFFE0346AF
:1057100060B94146204601F04BF80028F1D0002343
:1057200083F31188781B03B0BDE8F08FB9F1000F47
:1057300003D001902046C847019B8BF31188ED1AD6
:105740001E448AF31188DCE70379052B05BF836AC1
:10575000002001204B6004BF4FF400730B607047C2
:1057600070B55D1E866A04460D44B54205D9436B8B
:1057700043F080034363012070BD06250571FFF7E8
:1057800083FC05232371F7E770B55D1E866A044626
:105790000D44B54205D9436B43F0800343630120B8
:1057A00070BD07250571FFF795FC05232371F7E709
:1057B00038B505790446052D05D108230371FFF797
:1057C000AFFC257138BD0120FCE700000323F0B5D4
:1057D000037185B00446FFF749FA002220461146BE
:1057E000FFF78EFA4FF4D57203AB08212046FFF77E
:1057F000A9FA0246B8B901232363039BC3F3032329
:10580000012B09D103AB37212046FFF79BFA18B9CA
:10581000A44B039A1340ABB120460125FFF758FA79
:105820000223237137E103AB002237212046FFF723
:1058300089FA28B99B4A039B1A40002A00F0A780E6
:1058400002232363236B03F00F03022B40F0A98094
:105850006425954E42F2107000F086FF03AB32468D
:1058600001212046FFF758FA0028D5D1039B002BD1
:1058700080F293805A0003D5236B43F01003236317
:10588000002204F1080302212046FFF7B9FA02467C
:105890000028C1D104F1380303212046FFF752FA52
:1058A0000028B9D104F11805A26B092120462B4626
:1058B000FFF7A6FA0028AFD102ABA26B0721204662
:1058C000FFF740FA06460028A6D1236B03F00F032A
:1058D000022B40F08F807E227F21284603F054F96E
:1058E000012840F28780E76B42F2107000F03CFF25
:1058F00008234FF40072394620460096FFF79CFAC1
:10590000002889D1384603F08DF9236BA06203F09B
:105910000F03022B72D103AB644A06212046FFF726
:1059200011FA002871D15F49039B1940B1FA81F146
:1059300049092046FFF7ACF902AB4FF40072102181
:105940002046FFF7FFF9054600287FF465AF554E66
:10595000029B33427FF460AF236B13F00E0F03F012
:105960000F0273D0022A7FF457AFE36A1978012936
:1059700000F09480022900F09380002900F08980D3
:105980004B4F2046FFF7AAF903AB3A4676E01146A3
:1059900020462263FFF7B4F954E7013D7FF45AAF84
:1059A0003AE7444D6426444A3E4F012B18BF154642
:1059B00003AB002237212046FFF7C4F900287FF40B
:1059C0002BAF039B3B427FF427AF03AB2A46292131
:1059D0002046FFF7A1F900287FF41EAF039B002BA0
:1059E000FFF648AF013E3FF417AF42F2107000F0EF
:1059F000BBFEDDE7284603F0E9F886E77E227F213B
:105A00002846E66B03F0C0F808B9002191E70023AF
:105A100040223146204600930623FFF70DFA002866
:105A2000F3D1B3895BBA9B07EFD5244B40223146B3
:105A3000204600930623FFF7FFF90028E5D1317CCB
:105A400001F00F010F3918BF012172E7E36A1978DD
:105A5000F9B101297FF4E0AE2046FFF73FF903AB2F
:105A6000A26B37212046FFF76DF900287FF4D4AEF2
:105A7000039B33427FF4D0AE03AB022206212046C3
:105A8000FFF760F900287FF4C7AE039B33427FF431
:105A9000C3AE05232371284605B0F0BD084F70E75B
:105AA000084F6EE708E0FFFD0080FFC00001B9036A
:105AB0000000B7030080FF5000001080F1FFFF805E
:105AC0000001B7030002B70337B504460C4D01AB24
:105AD000A26B0D212046FFF735F978B9019B2B42C7
:105AE0000BD1C3F34323042B08D0053B022B04D86E
:105AF0004FF47A7000F038FEE9E7012003B030BDC2
:105B000008E0FFFD70B53023054683F31188037963
:105B10000024022B03D184F31188204670BD042396
:105B2000037184F311880226FFF7CEFF044628464E
:105B3000FFF7CEF82E71F0E7FFF722B8044B0360B1
:105B40000123037100234363C0E90A33704700BF98
:105B50003498000810B53023044683F31188C162DD
:105B6000FFF728F802230020237180F3118810BD6D
:105B700010B53023044683F31188FFF745F800235E
:105B80000122E362227183F3118810BD0268436829
:105B90001143016003B11847704700001430FFF74C
:105BA00021BD00004FF0FF331430FFF71BBD000094
:105BB0003830FFF797BD00004FF0FF333830FFF764
:105BC00091BD00001430FFF7E7BC00004FF0FF313B
:105BD0001430FFF7E1BC00003830FFF741BD000092
:105BE0004FF0FF323830FFF73BBD0000012914BFF2
:105BF0006FF0130000207047FFF7D2BA044B036028
:105C000000234360C0E9023301230374704700BFDF
:105C10005898000810B53023044683F31188FFF725
:105C20002FFB02230020237480F3118810BD000095
:105C300038B5C36904460D461BB904210844FFF773
:105C4000A5FF294604F11400FFF78AFC002806DAB4
:105C5000201D4FF40061BDE83840FFF797BF38BD05
:105C6000026843681143016003B1184770470000A0
:105C700013B5406B00F58054D4F8A4381A68117835
:105C8000042914D1017C022911D119790123128927
:105C90008B4013420BD101A94C3002F0A3FED4F883
:105CA000A4480246019B2179206800F0DFF902B088
:105CB00010BD0000143002F025BE00004FF0FF338D
:105CC000143002F01FBE00004C3002F0F7BE00009E
:105CD0004FF0FF334C3002F0F1BE0000143002F000
:105CE000F3BD00004FF0FF31143002F0EDBD0000B5
:105CF0004C3002F0C3BE00004FF0FF324C3002F0D7
:105D0000BDBE00000020704710B500F58054D4F8E7
:105D1000A4381A681178042917D1017C022914D1FA
:105D20005979012352898B4013420ED1143002F06D
:105D300085FD024648B1D4F8A4484FF44073617918
:105D40002068BDE8104000F07FB910BD406BFFF740
:105D5000DBBF0000704700007FB5124B0125042611
:105D6000044603600023057400F184024360294661
:105D7000C0E902330C4B0290143001934FF440738E
:105D8000009602F037FD094B04F69442294604F1CF
:105D90004C000294CDE900634FF4407302F0FEFD25
:105DA00004B070BD809800084D5D0008715C00086B
:105DB0000A68302383F311880B790B3342F82300F0
:105DC0004B79133342F823008B7913B10B3342F82C
:105DD000230000F58053C3F8A418022303740020A5
:105DE00080F311887047000038B5037F044613B173
:105DF00090F85430ABB90125201D0221FFF730FF88
:105E000004F114006FF00101257700F0EDFC04F1BE
:105E10004C0084F854506FF00101BDE8384000F0A8
:105E2000E3BC38BD10B5012104460430FFF718FF6C
:105E30000023237784F8543010BD000038B50446A1
:105E40000025143002F0EEFC04F14C00257702F03E
:105E5000BDFD201D84F854500121FFF701FF2046AD
:105E6000BDE83840FFF750BF90F8803003F0600382
:105E7000202B06D190F881200023212A03D81F2A45
:105E800006D800207047222AFBD1C0E91D3303E069
:105E9000034A426707228267C3670120704700BF39
:105EA0004422002037B500F58055D5F8A4381A688B
:105EB000117804291AD1017C022917D119790123FB
:105EC00012898B40134211D100F14C04204602F09C
:105ED0003DFE58B101A9204602F084FDD5F8A44842
:105EE0000246019B2179206800F0C0F803B030BD64
:105EF00001F10B03F0B550F8236085B004460D4660
:105F0000FEB1302383F3118804EB8507301D08218F
:105F1000FFF7A6FEFB6806F14C005B691B681BB12E
:105F2000019002F06DFD019803A902F05BFD0246AD
:105F300048B1039B2946204600F098F8002383F3DC
:105F4000118805B0F0BDFB685A691268002AF5D0C7
:105F50001B8A013B1340F1D104F18002EAE7000003
:105F6000133138B550F82140ECB1302383F3118858
:105F700004F58053D3F8A4281368527903EB820305
:105F8000DB689B695D6845B104216018FFF768FE16
:105F9000294604F1140002F05BFC2046FFF7B4FE32
:105FA000002383F3118838BD7047000001F072BDF3
:105FB00001234022002110B5044600F8303BFBF7D6
:105FC000D5FE0023C4E9013310BD000010B5302315
:105FD000044683F311882422416000210C30FBF732
:105FE000C5FE204601F078FD02230020237080F3D7
:105FF000118810BD70B500EB8103054650690E464F
:106000001446DA6018B110220021FBF7AFFEA06938
:1060100018B110220021FBF7A9FE31462846BDE841
:10602000704001F05FBE000083682022002103F071
:10603000011310B5044683601030FBF797FE20462D
:10604000BDE8104001F0DABEF0B4012500EB810498
:1060500047898D40E4683D43A4694581236000235E
:10606000A2606360F0BC01F0F7BE0000F0B401254F
:1060700000EB810407898D40E4683D436469058134
:1060800023600023A2606360F0BC01F06DBF0000DC
:1060900070B5022300250446242203702946C0F867
:1060A00088500C3040F8045CFBF760FE204684F812
:1060B000705001F0ABFD63681B6823B12946204690
:1060C000BDE87040184770BD0378052B10B5044635
:1060D0000AD080F88C300523037043681B680BB12D
:1060E000042198470023A36010BD00000178052912
:1060F00006D190F88C20436802701B6803B11847E2
:106100007047000070B590F87030044613B100235A
:1061100080F8703004F18002204601F093FE63683D
:106120009B68B3B994F8803013F0600535D0002136
:10613000204602F085F90021204602F075F96368D7
:106140001B6813B1062120469847062384F8703057
:1061500070BD204698470028E4D0B4F88630A26F7E
:106160009A4288BFA36794F98030A56F002B4FF047
:10617000300380F20381002D00F0F280092284F8C0
:10618000702083F3118800212046D4E91D23FFF7F6
:106190006DFF002383F31188DAE794F8812003F080
:1061A0007F0343EA022340F20232934200F0C580AB
:1061B00021D8B3F5807F48D00DD8012B3FD0022BDA
:1061C00000F09380002BB2D104F1880262670222B2
:1061D000A267E367C1E7B3F5817F00F09B80B3F569
:1061E000407FA4D194F88230012BA0D1B4F888303C
:1061F00043F0020332E0B3F5006F4DD017D8B3F58A
:10620000A06F31D0A3F5C063012B90D863682046FE
:1062100094F882205E6894F88310B4F88430B04714
:10622000002884D0436863670368A3671AE0B3F566
:10623000106F36D040F6024293427FF478AF5C4B49
:1062400063670223A3670023C3E794F88230012B1E
:106250007FF46DAFB4F8883023F00203A4F88830DF
:10626000C4E91D55E56778E7B4F88030B3F5A06F51
:106270000ED194F88230204684F88A3001F024FD53
:1062800063681B6813B101212046984703232370DC
:106290000023C4E91D339CE704F18B0363670123EA
:1062A000C3E72378042B10D1302383F311882046D1
:1062B000FFF7BAFE85F311880321636884F88B50D9
:1062C00021701B680BB12046984794F88230002B50
:1062D000DED084F88B300423237063681B68002BA6
:1062E000D6D0022120469847D2E794F88430204641
:1062F0001D0603F00F010AD501F096FD012804D018
:1063000002287FF414AF2B4B9AE72B4B98E701F050
:106310007DFDF3E794F88230002B7FF408AF94F80A
:10632000843013F00F01B3D01A06204602D502F0D4
:106330009FF8ADE702F090F8AAE794F88230002BBE
:106340007FF4F5AE94F8843013F00F01A0D01B0653
:10635000204602D502F074F89AE702F065F897E754
:10636000142284F8702083F311882B462A4629468C
:106370002046FFF769FE85F31188E9E65DB1152235
:1063800084F8702083F3118800212046D4E91D236E
:10639000FFF75AFEFDE60B2284F8702083F3118884
:1063A0002B462A4629462046FFF760FEE3E700BF5A
:1063B000B0980008A8980008AC98000838B590F884
:1063C00070300446002B3ED0063BDAB20F2A34D898
:1063D0000F2B32D8DFE803F0373131082232313168
:1063E0003131313131313737856FB0F886309D42E8
:1063F00014D2C3681B8AB5FBF3F203FB12556DB9C7
:10640000302383F311882B462A462946FFF72EFEB8
:1064100085F311880A2384F870300EE0142384F881
:106420007030302383F31188002320461A46194622
:10643000FFF70AFE002383F3118838BDC36F03B151
:1064400098470023E7E70021204601F0F9FF0021EB
:10645000204601F0E9FF63681B6813B1062120465E
:1064600098470623D7E7000010B590F8703004462F
:10647000142B29D017D8062B05D001D81BB110BD7D
:10648000093B022BFBD80021204601F0D9FF002157
:10649000204601F0C9FF63681B6813B1062120463E
:1064A0009847062319E0152BE9D10B2380F87030AB
:1064B000302383F3118800231A461946FFF7D6FDCF
:1064C000002383F31188DAE7C3689B695B68002BBC
:1064D000D5D1C36F03B19847002384F87030CEE75D
:1064E0000023826880F8243083691B689968914290
:1064F000FBD25A6803604260106058607047000029
:106500000023826880F8243083691B68996891426F
:10651000FBD85A6803604260106058607047000002
:1065200008B50846302383F3118891F82430032BF3
:1065300005D0042B0DD02BB983F3118808BD8B6ACD
:1065400000221A604FF0FF338362FFF7C9FF002378
:10655000F2E7D1E9003213605A60F3E7034610B561
:106560001B68984203D09C688A689442F8D25A68A3
:106570000B604A601160596010BD0000FFF7B0BFAA
:1065800038B50B4B1C68DD6885F824002268536021
:106590001A600122DC60A36884F82420934201D1B0
:1065A00001F03EF929462046BDE83840F9F72ABFF8
:1065B000684600200C4B30B5DD684B1C87B00446A4
:1065C0000FD02B46094A684600F0A2F92046FFF793
:1065D000D7FF009B13B1684600F0A4F9A86A07B082
:1065E00030BDFFF7CDFFF9E76846002021650008C0
:1065F000044B1A68DB6890689B68984294BF00203F
:10660000012070476846002038B50C4B1C68DD68D7
:10661000226853601A600122DC6084F82420AB6891
:10662000934201D101F0FEF82846FFF769FF0146C9
:106630002046BDE83840F9F7E5BE00BF68460020B7
:10664000044B1A68DB6892689B689A4201D9FFF78D
:10665000DBBF70476846002038B50123084C002591
:106660002370656002F00CFB02F032FB054906481E
:1066700002F008FC0223237085F3118838BD00BFA7
:1066800010490020B89800086846002000F080B942
:10669000034A516853685B1A9842FBD8704700BFA1
:1066A000001000E08B604B630023CA6100F12802F8
:1066B0000B6302230A618B840123886181F82630F1
:1066C00001F11003C26A4A611360C36201F12C0335
:1066D0000846CB6270470000D0E90131026841F8FA
:1066E000183CA1F19C033839CB60036941F8243C84
:1066F000436941F8203C034B41F8043CC36802481D
:10670000FFF7D0BF1D0400086846002008B5FFF75A
:10671000E3FFBDE80840FFF731BF000038B50E4B7E
:10672000DC6804F12C05A062E06AA8420FD194F85D
:1067300026303BB994F825309B0702BFD4E90432D8
:1067400013605A600F20BDE83840FFF719BF036897
:10675000E362FFF713FFE7E768460020302383F387
:106760001188FFF7DBBF000008B50146302383F333
:1067700011880820FFF71EFF002383F3118808BD4E
:10678000054BDB6821B1036098620320FFF712BF5D
:106790004FF0FF30704700BF6846002003682BB100
:1067A0000022026018469962FFF7E8BE70470000B9
:1067B000064BDB6839B1426818605A601360436069
:1067C0000420FFF7F7BE4FF0FF3070476846002007
:1067D0000368984206D01A680260506018469962B1
:1067E000FFF7CCBE7047000038B504460D46206860
:1067F000844200D138BD036823605C608562FFF786
:10680000BDFEF4E7036810B59C68A2420CD85C6832
:106810008A600B604C602160596099688A1A9A609E
:106820004FF0FF33836010BD121B1B68ECE70000C4
:106830000A2938BF0A2170B504460D460A26601998
:1068400002F018FA02F000FA041BA54203D8751CE6
:1068500004462E46F3E70A2E04D90120BDE8704015
:1068600002F0D8BB70BD0000F8B5144B0D460A2AE3
:106870004FF00A07D96103F11001826038BF0A2284
:10688000416019691446016048601861A81802F057
:10689000E1F902F0D9F9431B0646A34206D37C1C5A
:1068A00028192746354602F0E5F9F2E70A2F04D900
:1068B0000120BDE8F84002F0ADBBF8BD68460020FD
:1068C000F8B506460D4602F0BFF90F4A134653F8D5
:1068D000107F9F4206D12A4601463046BDE8F84067
:1068E000FFF7C2BFD169BB68441A2C1928BF2C46D8
:1068F000A34202D92946FFF79BFF224631460348AF
:10690000BDE8F840FFF77EBF6846002078460020CB
:10691000C0E90323002310B45DF8044B4361FFF783
:10692000CFBF000010B5194C236998420DD0816883
:10693000D0E9003213605A609A680A449A600023D2
:1069400003604FF0FF33A36110BD0268234643F894
:10695000102F53600022026022699A4203D1BDE8E1
:10696000104002F081B9936881680B44936002F093
:106970006BF92269E1699268441AA242E4D9114490
:10698000BDE81040091AFFF753BF00BF684600205A
:106990002DE9F047DFF8BC8008F110072C4ED8F83D
:1069A000105002F051F9D8F81C40AA68031B9A4213
:1069B0003ED814444FF00009D5E90032C8F81C4015
:1069C00013605A60C5F80090D8F81030B34201D176
:1069D00002F04AF989F31188D5E90331284698472E
:1069E000302383F311886B69002BD8D002F02CF987
:1069F0006A69A0EB040982464A450DD2022002F0E2
:106A000009FB0022D8F81030B34208D1514628467D
:106A1000BDE8F047FFF728BF121A2244F2E712EB55
:106A200009092946384638BF4A46FFF7EBFEB5E765
:106A3000D8F81030B34208D01444C8F81C00211A0A
:106A4000A960BDE8F047FFF7F3BEBDE8F08700BFDF
:106A5000784600206846002038B502F0F5F8054A6F
:106A6000D2E90845031B181945F10001C2E90801E4
:106A700038BD00BF6846002010B560B907480479EA
:106A80000368053C9B6818BF0124984708B144F08F
:106A90000404204610BD0124FBE700BFC8360020D7
:106AA000FFF7EABF2DE9F047884617469A460446A5
:106AB000B0B90D4E3579052D05D003240DE0013D0B
:106AC00015F0FF050ED03268534639463046D2F8ED
:106AD00014904246C8470028F1D12046BDE8F0870F
:106AE0000424FAE70124F8E7C83600202DE9F0472E
:106AF000884617469A460446B0B90D4E3579052D9D
:106B000005D003240DE0013D15F0FF050ED03268DD
:106B1000534639463046D2F818904246C8470028B6
:106B2000F1D12046BDE8F0870424FAE70124F8E714
:106B3000C836002037B50C46154670B951B1012949
:106B40000BD10748694603681B6A984710B9019B37
:106B500004462B60204603B030BD0424FAE700BF92
:106B6000C836002000207047FEE700007047000094
:106B70004FF0FF30704700004B6843608B688360C4
:106B8000CB68C3600B6943614B6903628B694362E5
:106B90000B6803607047000008B53C4B40F2FF7182
:106BA0003B48D3F888200A43C3F88820D3F88820CC
:106BB00022F4FF6222F00702C3F88820D3F888206D
:106BC000D3F8E0200A43C3F8E020D3F808210A43B1
:106BD000C3F808212F4AD3F808311146FFF7CCFF3C
:106BE00000F5806002F11C01FFF7C6FF00F5806030
:106BF00002F13801FFF7C0FF00F5806002F1540197
:106C0000FFF7BAFF00F5806002F17001FFF7B4FFF3
:106C100000F5806002F18C01FFF7AEFF00F58060A7
:106C200002F1A801FFF7A8FF00F5806002F1C4019E
:106C3000FFF7A2FF00F5806002F1E001FFF79CFF83
:106C400000F5806002F1FC01FFF796FF02F58C7100
:106C500000F58060FFF790FF01F0A2FC0E4BD3F827
:106C6000902242F00102C3F89022D3F8942242F01D
:106C70000102C3F894220522C3F898204FF0605215
:106C8000C3F89C20054AC3F8A02008BD0044025860
:106C900000000258CC98000800ED00E01F00080337
:106CA00008B501F093FDFFF7D7FC104BD3F8DC20BB
:106CB00042F04002C3F8DC20D3F8042122F0400265
:106CC000C3F80421D3F80431094B1A6842F00802D2
:106CD0001A601A6842F004021A6000F08BFD00F09E
:106CE0003DFBBDE8084000F0B5B800BF00440258C5
:106CF00000180248012070470020704770470000CC
:106D000002290CD0032904D00129074818BF00200C
:106D10007047032A05D8054800EBC20070470448B5
:106D200070470020704700BFCC9A00085422002012
:106D3000809A000870B59AB005460846144601A925
:106D400000F0C2F801A8FBF709F8431C0022C6B204
:106D50005B001046C5E9003423700323023404F8B5
:106D6000013C01ABD1B202348E4201D81AB070BDE1
:106D700013F8011B013204F8010C04F8021CF1E7BE
:106D800008B5302383F311880348FFF78BF80023FD
:106D900083F3118808BD00BF1849002090F88030A7
:106DA00003F01F02012A07D190F881200B2A03D19A
:106DB0000023C0E91D3315E003F06003202B08D148
:106DC000B0F884302BB990F88120212A03D81F2AEB
:106DD00004D8FFF749B8222AEBD0FAE7034A426702
:106DE00007228267C3670120704700BF4B22002043
:106DF00007B5052917D8DFE801F01916031919207E
:106E0000302383F31188104A01210190FFF7F2F833
:106E1000019802210D4AFFF7EDF80D48FFF70EF833
:106E2000002383F3118803B05DF804FB302383F360
:106E300011880748FEF7D8FFF2E7302383F3118863
:106E40000348FEF7EFFFEBE7209A0008449A00089A
:106E50001849002038B50C4D0C4C2A460C4904F159
:106E60000800FFF767FF05F1CA0204F110000949A5
:106E7000FFF760FF05F5CA7204F118000649BDE886
:106E80003840FFF757BF00BFF061002054220020B8
:106E9000009A00080A9A0008159A000870B504467E
:106EA00008460D46FAF75AFFC6B220460134037869
:106EB0000BB9184670BD32462946FAF73BFF002849
:106EC000F3D10120F6E700002DE9F04705460C4616
:106ED000FAF744FF2A49C6B22846FFF7DFFF08B198
:106EE0000D36F6B227492846FFF7D8FF08B110360D
:106EF000F6B2632E0BD8DFF88880DFF88890224F37
:106F0000DFF890A02E7846B92670BDE8F0872946B4
:106F10002046BDE8F04702F01BB9252E2CD10722F0
:106F200041462846FAF706FF60B9184B224603F19E
:106F3000140153F8040B8B4242F8040BF9D10735C6
:106F40001434DFE7082249462846FAF7F3FE98B9D9
:106F5000A21C0F4B197802320909C95D02F8041C02
:106F600013F8011B01F00F015345C95D02F8031C22
:106F7000F0D118340835C5E7013504F8016BC1E7D5
:106F8000EC9A0008159A0008099B0008F49A00087A
:106F900000E8F11F0CE8F11FBFF34F8F044B1A6993
:106FA0005107FCD1D3F810215207F8D1704700BF28
:106FB0000020005208B50D4B1B78ABB9FFF7ECFF72
:106FC0000B4BDA68D10704D50A4A5A6002F18832BD
:106FD0005A60D3F80C21D20706D5064AC3F804211B
:106FE00002F18832C3F8042108BD00BF4E640020BE
:106FF000002000522301674508B5114B1B78F3B9F7
:10700000104B1A69510703D5DA6842F04002DA6082
:10701000D3F81021520705D5D3F80C2142F04002D5
:10702000C3F80C21FFF7B8FF064BDA6842F0010203
:10703000DA60D3F80C2142F00102C3F80C2108BD3C
:107040004E640020002000520F289ABF00F5806097
:1070500040040020704700004FF4003070470000EB
:10706000102070470F2808B50BD8FFF7EDFF00F58B
:1070700000330268013204D104308342F9D1012087
:1070800008BD0020FCE700000F2838B505463FD8B2
:10709000FFF782FF1F4CFFF78DFF4FF0FF330728EC
:1070A0006361C4F814311DD82361FFF775FF030233
:1070B00043F02403E360E36843F08003E360236963
:1070C0005A07FCD42846FFF767FFFFF7BDFF4FF4D0
:1070D000003100F0BFFA2846FFF78EFFBDE83840C8
:1070E000FFF7C0BFC4F81031FFF756FFA0F1080347
:1070F0001B0243F02403C4F80C31D4F80C3143F0E4
:107100008003C4F80C31D4F810315B07FBD4D9E705
:10711000002038BD002000522DE9F84F04460D46EE
:10712000104644EA0203DE0602D00020BDE8F88FD4
:1071300020F01F00DFF8D4B0DFF8D4A0FFF73AFF4B
:1071400005EB0008454503D10120FFF755FFEDE7AA
:1071500020222946204601F0C3FF10B920342035F3
:10716000F0E7234604F120021F68791CDDD10433C7
:107170009342F9D104F178432048214EB3F5801FA2
:10718000204B38BF184603F1F80332BFD946D14629
:107190001E46FFF701FF0760A4EB050C336805F1FD
:1071A0001C0143F0020333602B1FD9F8007017F065
:1071B0000507FAD153F8042F8B424CF80320F4D181
:1071C000BFF34F8FFFF7E8FE4FF0FF3303603368E4
:1071D00023F002033360BFF34F8F0B4BC3F85C42C5
:1071E000BFF34F8FBFF36F8F20222946204601F057
:1071F00077FF0028B2D03846A7E700BF142100521D
:107200000C2000521420005200ED00E0102000522B
:107210001021005210B5084C237828B11BB9FFF794
:10722000C9FE0123237010BD002BFCD02070BDE8E7
:107230001040FFF7E1BE00BF4E6400202DE9F04F83
:107240000D4685B0814658B111F00D0614BF2022BD
:10725000082211F00803019304D0431E034269D0B1
:10726000002435E0002E37D009F11F0121F01F095D
:107270004FF00108314F05F00403DFF8CCA005EA18
:10728000080BBBF1000F32D07869C0072FD408F18A
:1072900001080C37B8F1060FF3D19EB9284D4946C5
:1072A000A819019201F036FD0446002839D1203694
:1072B000019AA02EF3D1494601F02CFD0446002886
:1072C0002FD1019A49461F4801F024FD044660BBB6
:1072D000204605B0BDE8F08F0029C9D101462846F7
:1072E000029201F017FD0446D8B9029AC0E713B123
:1072F00078694107CBD5AC0702D578698007C6D538
:10730000019911B178690107C1D549460AEB4810C6
:10731000CDE9022301F0FEFC0446DDE9022300284A
:10732000B5D04A460021204601E04A460021FAF73E
:107330001DFDCDE70246002E96D199E71C9B000863
:107340009064002050640020706400200021FFF74A
:1073500075BF00000121FFF771BF000000231A462E
:1073600070B51A600433B3F5806FFAD1104D012463
:10737000104E06EB441001342A6955F80C1F01F039
:10738000B5FC062CF5D137254FF4C0542046FFF745
:10739000E1FF014628B122460748BDE8704001F0F0
:1073A000A5BCC4EBC404013D4FEAD404EED170BDCA
:1073B0001C9B000870640020506400200421FFF72B
:1073C0003DBF00004843FFF7C1BF000008B101F016
:1073D00013BD7047B0F5805F10B5044607D8FFF7BE
:1073E000EDFF28B92046BDE81040FFF7AFBF0020F1
:1073F00010BD0000FFF7EABF70B5AAB140EA010373
:1074000013F01F030FD1094C0144A5686D0706D581
:107410002568A84203D366683544A94204D90333DA
:107420000C34122BF1D10022104670BD1C9B0008B9
:1074300008B501F0F7FD034AD2E90032C01842EB6B
:10744000010108BD30650020434BD3E900232DE93D
:10745000F34113437CD0FFF7EBFF404A00230027A2
:10746000F8F7EAFF06460D463D4A0023F8F7E4FF29
:107470000023144630462946394AF8F7DDFF4FF419
:1074800061613C23ADF80170B4FBF1F5B4FBF3F698
:1074900001FB154103FB16464624B1FBF3F1314BCA
:1074A000F6B28DF8004098423CD84FF0640C4FF48F
:1074B000C87EA30704F26C7225D1B2FBFCF30CFB6F
:1074C000132313BBB2FBFEF30EFB1322B2FA82F3BB
:1074D0005B0903F26D18621C8045D2B217D90FB157
:1074E0008DF800400022204C4FF00C0C17460CFB8E
:1074F0000343D4B2013213F804C084450CD8A0EB86
:107500000C000127F5E70023E3E70123E1E7A0EB07
:10751000080014460127CCE70FB18DF80140431C49
:107520008DF802309DF80100431C9DF80000503892
:10753000400640EA43509DF8023040EA034040EAEA
:10754000560040EAC52040EA411002B0BDE8F08193
:107550004FF40410F9E700BF3065002040420F00EF
:107560008051010090230B00649B00080244074BEC
:10757000D2B210B5904200D110BD441C00B253F8F5
:10758000200041F8040BE0B2F4E700BF504000587F
:107590000E4B30B51C6F240405D41C6F1C671C6F88
:1075A00044F400441C670A4C02442368D2B243F4FA
:1075B00080732360074B904200D130BD441C51F8CA
:1075C000045B00B243F82050E0B2F4E700440258F4
:1075D000004802585040005807B5012201A9002078
:1075E000FFF7C4FF019803B05DF804FB13B5044630
:1075F000FFF7F2FFA04205D0012201A9002001946B
:10760000FFF7C6FF02B010BD10B56424013C4FF473
:107610007A70FFF7A9F814F0FF04F7D10C4B4FF480
:10762000801214249A61A3F580634FF08052A3F571
:107630004063C3F8182C4FF400529A61013C4FF498
:107640007A70FFF791F814F0FF04F7D110BD00BF76
:10765000001802580144BFF34F8F064B884204D3F1
:10766000BFF34F8FBFF36F8F7047C3F85C022030BA
:10767000F4E700BF00ED00E00144BFF34F8F064B7D
:10768000884204D3BFF34F8FBFF36F8F7047C3F8A7
:1076900070022030F4E700BF00ED00E070B5054651
:1076A00016460C4601201021FFF78CFE2860467319
:1076B0003CB1204636B1FFF781FE2B68186000B15F
:1076C0009C6070BDFFF746FEF7E70000F8B50F4677
:1076D0001546044648B905F11F010126386821F016
:1076E0001F01FFF7B7FF3046F8BD427B29463868D7
:1076F000FFF782FE06460028EDD13B686360A36871
:10770000AB4210D213B12068FFF760FE637B2846BE
:107710002BB1FFF753FE206020B9A060E3E7FFF72D
:1077200019FEF8E7A560206805F11F01012621F088
:107730001F013860FFF78EFF2673D4E770B50E4641
:1077400002F11F010446154621F01F013046FFF7E4
:1077500093FF4CB12168B14206D1606810B12A464E
:10776000FAF7DEFA0023237370BD0000F8B50F4668
:107770001446054648B904F11F010126386821F076
:107780001F01FFF779FF3046F8BD427B214638687C
:10779000FFF732FE06460028EDD1AB68A34210D2B7
:1077A00013B12868FFF712FE6B7B20462BB1FFF761
:1077B00005FE286020B9A860E5E7FFF7CBFDF8E7F4
:1077C000AC60396819B122462868FAF7A9FA286826
:1077D00004F11F01012621F01F013860FFF74CFF63
:1077E0002E73D0E720B103688B4204BF00230373DC
:1077F00070470000034B1A681AB9034AD2F8D02424
:107800001A607047386500200040025808B5FFF73D
:10781000F1FF024B1868C0F3806008BD3865002096
:107820007047000070470000EFF309830549683393
:107830004A6B22F001024A6383F30988002383F331
:107840001188704700EF00E0302080F3118862B6A5
:107850000D4B0E4AD96821F4E0610904090C0A4372
:107860000B49DA60D3F8FC2042F08072C3F8FC20A8
:10787000084AC2F8B01F116841F0010111602022CE
:10788000DA7783F82200704700ED00E00003FA0584
:1078900055CEACC5001000E0302310B583F311883D
:1078A0000E4B5B6813F4006314D0F1EE103AEFF363
:1078B00009844FF08073683CE361094BDB6B2366FE
:1078C00084F30988FEF794FE10B1064BA36110BD46
:1078D000054BFBE783F31188F9E700BF00ED00E0FB
:1078E00000EF00E02F0400083204000870B5BFF379
:1078F0004F8FBFF36F8F1A4A0021C2F85012BFF3A7
:107900004F8FBFF36F8F536943F400335361BFF35D
:107910004F8FBFF36F8FC2F88410BFF34F8FD2F831
:10792000803043F6E074C3F3C900C3F34E335B0108
:1079300003EA0406014646EA81750139C2F860523D
:10794000F9D2203B13F1200FF2D1BFF34F8F5369CF
:1079500043F480335361BFF34F8FBFF36F8F70BD1C
:1079600000ED00E0FEE70000214B2248224A70B5FE
:10797000904237D3214BC11EDA1C121A22F00302A7
:107980008B4238BF00220021FAF7F0F91C4A00238D
:10799000C2F88430BFF34F8FD2F8803043F6E074E2
:1079A000C3F3C900C3F34E335B0103EA0406014687
:1079B00046EA81750139C2F86C52F9D2203B13F1C5
:1079C000200FF2D1BFF34F8FBFF36F8FBFF34F8FF5
:1079D000BFF36F8F0023C2F85032BFF34F8FBFF356
:1079E0006F8F70BD53F8041B40F8041BC0E700BF45
:1079F0006C9C0008B4660020B4660020B4660020C9
:107A000000ED00E0074BD3F8D81021EA0001C3F8DD
:107A1000D810D3F8002122EA0002C3F80021D3F8DD
:107A2000003170470044025870B5D0E92443002269
:107A30004FF0FF359E6804EB42135101D3F8000963
:107A4000002805DAD3F8000940F08040C3F80009A7
:107A5000D3F8000B002805DAD3F8000B40F0804083
:107A6000C3F8000B013263189642C3F80859C3F8F3
:107A7000085BE0D24FF00113C4F81C3870BD000061
:107A8000890141F02001016103699B06FCD41220A9
:107A9000FEF7FEBD10B50A4C2046FEF789FA094BE9
:107AA000C4F89030084BC4F89430084C2046FEF7D8
:107AB0007FFA074BC4F89030064BC4F8943010BDE1
:107AC0003C65002000000840A09B0008D86500200D
:107AD00000000440AC9B000870B503780546012BFC
:107AE0005CD1434BD0F89040984258D1414B0E2185
:107AF0006520D3F8D82042F00062C3F8D820D3F82C
:107B0000002142F00062C3F80021D3F80021D3F82D
:107B1000802042F00062C3F88020D3F8802022F059
:107B20000062C3F88020D3F88030FDF785FC324B2B
:107B3000E360324BC4F800380023D5F89060C4F8F5
:107B4000003EC02323604FF40413A3633369002B6A
:107B5000FCDA01230C203361FEF79AFD3369DB0761
:107B6000FCD41220FEF794FD3369002BFCDA0026CA
:107B70002846A660FFF758FF6B68C4F81068DB68FA
:107B8000C4F81468C4F81C6883BB1D4BA3614FF094
:107B9000FF336361A36843F00103A36070BD194B19
:107BA0009842C9D1134B4FF08060D3F8D82042F0EF
:107BB0000072C3F8D820D3F8002142F00072C3F855
:107BC0000021D3F80021D3F8802042F00072C3F8DE
:107BD0008020D3F8802022F00072C3F88020D3F8F0
:107BE0008030FFF70FFF0E214D209EE7064BCDE7BB
:107BF0003C6500200044025840140040030020026D
:107C0000003C30C0D8650020083C30C0F8B5D0F842
:107C10009040054600214FF000662046FFF730FFF8
:107C2000D5F8941000234FF001128F684FF0FF3009
:107C3000C4F83438C4F81C2804EB431201339F42C3
:107C4000C2F80069C2F8006BC2F80809C2F8080B54
:107C5000F2D20B68D5F89020C5F8983063621023F3
:107C60001361166916F01006FBD11220FEF710FD05
:107C7000D4F8003823F4FE63C4F80038A36943F451
:107C8000402343F01003A3610923C4F81038C4F85B
:107C900014380B4BEB604FF0C043C4F8103B094B5A
:107CA000C4F8003BC4F81069C4F80039D5F898301E
:107CB00003F1100243F48013C5F89820A362F8BDC5
:107CC0007C9B000840800010D0F8902090F88A102B
:107CD000D2F8003823F4FE6343EA0113C2F80038F7
:107CE000704700002DE9F84300EB8103D0F8905075
:107CF0000C468046DA680FFA81F94801166806F0EA
:107D00000306731E022B05EB41134FF0000194BFD5
:107D1000B604384EC3F8101B4FF0010104F11003F4
:107D200098BF06F1805601FA03F3916998BF06F5F2
:107D3000004600293AD0578A04F1580137434901D7
:107D40006F50D5F81C180B430021C5F81C382B18B0
:107D50000127C3F81019A7405369611E9BB3138A0A
:107D6000928B9B08012A88BF5343D8F89820981813
:107D700042EA034301F140022146C8F89800284630
:107D800005EB82025360FFF77BFE08EB8900C368B6
:107D90001B8A43EA845348341E4364012E51D5F8AC
:107DA0001C381F43C5F81C78BDE8F88305EB49175C
:107DB000D7F8001B21F40041C7F8001BD5F81C18A8
:107DC00021EA0303C0E704F13F030B4A284621469A
:107DD00005EB83035A60FFF753FE05EB4910D0F81B
:107DE000003923F40043C0F80039D5F81C3823EAE1
:107DF0000707D7E70080001000040002D0F89420A5
:107E00001268C0F89820FFF70FBE00005831D0F874
:107E1000903049015B5813F4004004D013F4001F64
:107E20000CBF0220012070474831D0F89030490142
:107E30005B5813F4004004D013F4001F0CBF022061
:107E40000120704700EB8101CB68196A0B68136051
:107E50004B6853607047000000EB810330B5DD686C
:107E6000AA691368D36019B9402B84BF40231360FB
:107E70006B8A1468D0F890201C4402EB4110013C3E
:107E800009B2B4FBF3F46343033323F0030343EA7F
:107E9000C44343F0C043C0F8103B2B6803F0030316
:107EA000012B0ED1D2F8083802EB411013F4807F79
:107EB000D0F8003B14BF43F0805343F00053C0F8A8
:107EC000003B02EB4112D2F8003B43F00443C2F8FE
:107ED000003B30BD2DE9F041D0F8906005460C46DE
:107EE00006EB4113D3F8087B3A07C3F8087B08D5A3
:107EF000D6F814381B0704D500EB8103DB685B68F8
:107F00009847FA071FD5D6F81438DB071BD505EBC1
:107F10008403D968CCB98B69488A5A68B2FBF0F6F9
:107F200000FB16228AB91868DA6890420DD2121A3C
:107F3000C3E90024302383F3118821462846FFF744
:107F40008BFF84F31188BDE8F081012303FA04F26A
:107F50006B8923EA02036B81CB68002BF3D02146A7
:107F60002846BDE8F041184700EB81034A0170B58F
:107F7000DD68D0F890306C692668E66056BB1A441C
:107F80004FF40020C2F810092A6802F00302012A07
:107F90000AB20ED1D3F8080803EB421410F4807F24
:107FA000D4F8000914BF40F0805040F00050C4F8ED
:107FB000000903EB4212D2F8000940F00440C2F875
:107FC00000090122D3F8340802FA01F10143C3F891
:107FD000341870BD19B9402E84BF4020206020683D
:107FE0001A442E8A8419013CB4FBF6F440EAC440DA
:107FF00040F00050C6E700002DE9F843D0F890604B
:1080000005460C464F0106EB4113D3F8088918F0DA
:10801000010FC3F808891CD0D6F81038DB0718D533
:1080200000EB8103D3F80CC0DCF81430D3F800E087
:10803000DA68964530D2A2EB0E024FF000091A60C2
:10804000C3F80490302383F31188FFF78DFF89F381
:10805000118818F0800F1DD0D6F834380126A640BC
:10806000334217D005EB84030134D5F89050D3F890
:108070000CC0E4B22F44DCF8142005EB0434D2F831
:1080800000E05168714514D3D5F8343823EA060668
:10809000C5F83468BDE8F883012303FA01F20389C7
:1080A00023EA02030381DCF80830002BD1D0984783
:1080B000CFE7AEEB0103BCF81000834228BF0346B4
:1080C000D7F8180980B2B3EB800FE3D89068A0F11D
:1080D000040959F8048FC4F80080A0EB09089844FB
:1080E000B8F1040FF5D818440B4490605360C8E70A
:1080F0002DE9F84FD0F8905004466E69AB691E40E8
:1081000016F480586E6103D0BDE8F84FFDF7C0BF8C
:10811000002E12DAD5F8003E9B0705D0D5F8003EB8
:1081200023F00303C5F8003ED5F80438204623F0B9
:108130000103C5F80438FDF7D9FF370505D52046FA
:10814000FFF772FC2046FDF7BFFFB0040CD5D5F851
:10815000083813F0060FEB6823F470530CBF43F498
:10816000105343F4A053EB6031071BD56368DB6801
:108170001BB9AB6923F00803AB612378052B0CD145
:10818000D5F8003E9A0705D0D5F8003E23F003034A
:10819000C5F8003E2046FDF7A9FF6368DB680BB118
:1081A00020469847F30200F1BA80B70226D5D4F8EA
:1081B000909000274FF0010A09EB4712D2F8003BDC
:1081C00003F44023B3F5802F11D1D2F8003B002BEC
:1081D0000DDA62890AFA07F322EA0303638104EBEA
:1081E0008703DB68DB6813B13946204698470137BF
:1081F000D4F89430FFB29B689F42DDD9F00619D5C0
:10820000D4F89000026AC2F30A1702F00F0302F4D6
:10821000F012B2F5802F00F0CA80B2F5402F09D1DC
:1082200004EB8303002200F58050DB681B6A974251
:1082300040F0B0803003D5F8185835D5E90303D5A0
:1082400000212046FFF746FEAA0303D50121204660
:10825000FFF740FE6B0303D502212046FFF73AFEED
:108260002F0303D503212046FFF734FEE80203D590
:1082700004212046FFF72EFEA90203D50521204642
:10828000FFF728FE6A0203D506212046FFF722FEEB
:108290002B0203D507212046FFF71CFEEF0103D573
:1082A00008212046FFF716FE700340F1A780E9077A
:1082B00003D500212046FFF79FFEAA0703D5012121
:1082C0002046FFF799FE6B0703D502212046FFF7F2
:1082D00093FE2F0703D503212046FFF78DFEEE0600
:1082E00003D504212046FFF787FEA80603D5052104
:1082F0002046FFF781FE690603D506212046FFF7D9
:108300007BFE2A0603D507212046FFF775FEEB0505
:1083100074D520460821BDE8F84FFFF76DBED4F8AC
:1083200090904FF0000B4FF0010AD4F894305FFAB0
:108330008BF79B689F423FF638AF09EB4713D3F8A2
:10834000002902F44022B2F5802F20D1D3F8002971
:10835000002A1CDAD3F8002942F09042C3F8002921
:10836000D3F80029002AFBDB3946D4F89000FFF748
:1083700087FB22890AFA07F322EA0303238104EB2D
:108380008703DB689B6813B13946204698470BF199
:10839000010BCAE7910701D1D0F80080072A02F14A
:1083A00001029CBF03F8018B4FEA18283FE704EB5A
:1083B000830300F58050DA68D2F818C0DCF8082092
:1083C000DCE9001CA1EB0C0C00218F4208D1DB681A
:1083D0009B699A683A449A605A683A445A6029E715
:1083E00011F0030F01D1D0F800808C4501F101019B
:1083F00084BF02F8018B4FEA1828E6E7BDE8F88F42
:1084000008B50348FFF774FEBDE80840FFF744BA1B
:108410003C65002008B50348FFF76AFEBDE8084048
:10842000FFF73ABAD8650020D0F8903003EB41113D
:10843000D1F8003B43F40013C1F8003B7047000043
:10844000D0F8903003EB4111D1F8003943F4001318
:10845000C1F8003970470000D0F8903003EB4111AB
:10846000D1F8003B23F40013C1F8003B7047000033
:10847000D0F8903003EB4111D1F8003923F4001308
:10848000C1F8003970470000064BD3F8DC200243E6
:10849000C3F8DC20D3F804211043C3F80401D3F857
:1084A000043170470044025808B53C4B4FF0FF318F
:1084B000D3F8802062F00042C3F88020D3F88020F7
:1084C00002F00042C3F88020D3F88020D3F8842043
:1084D000C3F88410D3F884200022C3F88420D3F892
:1084E0008400D86F40F0FF4040F4FF0040F4DF40CC
:1084F00040F07F00D867D86F20F0FF4020F4FF00E5
:1085000020F4DF4020F07F00D867D86FD3F88800D0
:108510006FEA40506FEA5050C3F88800D3F88800E3
:10852000C0F30A00C3F88800D3F88800D3F890009D
:10853000C3F89010D3F89000C3F89020D3F89000BF
:10854000D3F89400C3F89410D3F89400C3F894209F
:10855000D3F89400D3F89800C3F89810D3F8980093
:10856000C3F89820D3F89800D3F88C00C3F88C1087
:10857000D3F88C00C3F88C20D3F88C00D3F89C007F
:10858000C3F89C10D3F89C10C3F89C20D3F89C30FF
:10859000FCF7F2F9BDE8084000F0FCB800440258CE
:1085A00008B50122534BC3F80821534BD3F8F420EC
:1085B00042F00202C3F8F420D3F81C2142F0020278
:1085C000C3F81C210222D3F81C314C4BDA605A68E4
:1085D0009104FCD54A4A1A6001229A60494ADA603D
:1085E00000221A614FF440429A61444B9A69920406
:1085F000FCD51A6842F480721A603F4B1A6F12F46D
:10860000407F04D04FF480321A6700221A671A683C
:1086100042F001021A60384B1A685007FCD500225C
:108620001A611A6912F03802FBD1012119604FF06A
:10863000804159605A67344ADA62344A1A611A68CA
:1086400042F480321A602C4B1A689103FCD51A68E8
:1086500042F480521A601A689204FCD52C4A2D49C3
:108660009A6200225A63196301F57C01DA6301F210
:10867000E71199635A64284A1A64284ADA621A6828
:1086800042F0A8521A601C4B1A6802F02852B2F14C
:10869000285FF9D148229A614FF48862DA6140225A
:1086A0001A621F4ADA641F4A1A651F4A5A651F4A2E
:1086B0009A6532231E4A1360136803F00F03022BDE
:1086C000FAD10D4A136943F003031361136903F0F0
:1086D0003803182BFAD14FF00050FFF7D5FE4FF0BA
:1086E0008040FFF7D1FE4FF00040BDE80840FFF7A3
:1086F000CBBE00BF00800051004402580048025821
:1087000000C000F0020000010000FF010088900896
:108710002220400063020901470E0508DD0BBF015E
:1087200020000020000001100910E00000010110ED
:108730000020005208B50348FCF7F4FCBDE80840EF
:10874000FFF7AAB8C836002008B50348FCF7EEFDCD
:10875000BDE80840FFF7A0B82039002008B503485D
:10876000FCF7E4FDBDE80840FFF796B88C3900201F
:1087700008B50348FCF7DAFDBDE80840FFF78CB800
:10878000F839002008B500F095FCBDE80840FFF777
:1087900083B8000008B509217A20FCF74DFE0921B5
:1087A0007C20FCF749FE07213220FCF745FE0C2116
:1087B0002720FCF741FE0C213520FCF73DFE0C2163
:1087C0005220BDE80840FCF737BE000008B5FFF7AF
:1087D0006BFE00F043FCFDF70FFAFDF7ADF9FDF776
:1087E000E5FBFDF7B7FAFEF789FABDE8084000F0AF
:1087F00029BA000030B50433039C0172002104FB48
:108800000325C160C0E90653049B0363059BC0E9CF
:108810000000C0E90422C0E90842C0E90A1143632C
:1088200030BD00000022416AC260C0E90411C0E905
:108830000A226FF00101FDF7D7BF0000D0E9043232
:10884000934201D1C2680AB9181D704700207047D1
:10885000036919600021C2680132C260C269134411
:1088600082699342036124BF436A0361FDF7B0BF8D
:1088700038B504460D46E3683BB162690020131D1C
:108880001268A3621344E36207E0237A33B92946EE
:108890002046FDF78DFF0028EDDA38BD6FF00100AE
:1088A000FBE70000C368C269013BC360436913442E
:1088B00082699342436124BF436A43610023836218
:1088C000036B03B11847704770B53023044683F338
:1088D0001188866A3EB9FFF7CBFF054618B186F3CB
:1088E0001188284670BDA36AE26A13F8015B9342BF
:1088F000A36202D32046FFF7D5FF002383F311883C
:10890000EFE700002DE9F84F04460E46174698465B
:108910004FF0300989F311880025AA46D4F828B011
:10892000BBF1000F09D141462046FFF7A1FF20B15E
:108930008BF311882846BDE8F88FD4E90A12A7EB1B
:10894000050B521A934528BF9346BBF1400F1BD924
:10895000334601F1400251F8040B914243F8040BF5
:10896000F9D1A36A403640354033A362D4E90A23E3
:108970009A4202D32046FFF795FF8AF31188BD4241
:10898000D8D289F31188C9E730465A46F9F7C8F9B1
:10899000A36A5E445D445B44A362E7E710B5029CB2
:1089A0000433017203FB0421C460C0E906130023F1
:1089B000C0E90A33039B0363049BC0E90000C0E9DC
:1089C0000422C0E90842436310BD0000026A6FF050
:1089D0000101C260426AC0E904220022C0E90A2201
:1089E000FDF702BFD0E904239A4201D1C26822B93F
:1089F000184650F8043B0B60704700231846FAE70E
:108A0000C3680021C2690133C360436913448269AA
:108A10009342436124BF436A4361FDF7D9BE00001E
:108A200038B504460D46E3683BB1236900201A1DA2
:108A3000A262E2691344E36207E0237A33B929466C
:108A40002046FDF7B5FE0028EDDA38BD6FF00100D5
:108A5000FBE7000003691960C268013AC260C2699D
:108A6000134482699342036124BF436A0361002374
:108A70008362036B03B118477047000070B5302361
:108A80000D460446114683F31188866A2EB9FFF716
:108A9000C7FF10B186F3118870BDA36A1D70A36A69
:108AA000E26A01339342A36204D3E16920460439A8
:108AB000FFF7D0FF002080F31188EDE72DE9F84F94
:108AC00004460D46904699464FF0300A8AF31188C5
:108AD0000026B346A76A4FB949462046FFF7A0FFD4
:108AE00020B187F311883046BDE8F88FD4E90A0732
:108AF0003A1AA8EB0607974228BF1746402F1BD902
:108B000005F1400355F8042B9D4240F8042BF9D1A0
:108B1000A36A40364033A362D4E90A239A4204D3BD
:108B2000E16920460439FFF795FF8BF3118846452C
:108B3000D9D28AF31188CDE729463A46F9F7F0F8F9
:108B4000A36A3D443E443B44A362E5E7D0E90423E5
:108B50009A4217D1C3689BB1836A8BB1043B9B1ABD
:108B60000ED01360C368013BC360C3691A448369B4
:108B70009A42026124BF436A036100238362012396
:108B8000184670470023FBE701F01F03F0B502F021
:108B90001F0456095A1C0123B6EB511F50F82650EA
:108BA00003FA02F34FEA511703F1FF333DBF50F8C8
:108BB0002720C4F12000134003EA05003BBF03FA5D
:108BC00000F225FA04F0E0401043F0BD70B57E22BB
:108BD0007F210546FFF7D8FF18B1012819D00020E2
:108BE00070BD3E2249212846FFF7CEFF2F220446C2
:108BF00031212846FFF7C8FF0646013450220236CD
:108C000053212846B440FFF7BFFF093804FA00F0AB
:108C1000E6E7302245212846FFF7B6FF0130800203
:108C2000DEE7000090F8D63090F8D7201B0403EB65
:108C3000026390F8D42090F8D500134403EB002091
:108C40007047000000F00CBA014B586A704700BF33
:108C5000000C0040034B002258631A610222DA60C4
:108C6000704700BF000C0040014B0022DA607047E3
:108C7000000C0040014B5863704700BF000C0040DF
:108C8000024B034A1A60034A5A6070478C66002000
:108C9000B866002000000220074B494210B55C680E
:108CA000201A08401968821A8A4203D3A24201D8C6
:108CB0005A6010BD0020FCE78C66002008B5302308
:108CC00083F31188FFF7E8FF002383F3118808BDC1
:108CD0000448054B03600023C0E901330C3000F069
:108CE00017B900BF94660020BD8C0008CB1D083A60
:108CF00023F00703591A521A10B4D2080024C0E90D
:108D0000004384600C301C605A605DF8044B00F036
:108D1000FFB800002DE9F74F364FCD1D88460028DB
:108D200018BF0746082A4FEAD50538BF082207F1C1
:108D30000C003C1D9146019000F02CF9019809F1BE
:108D40000701C9F1000E2246246864B900F02CF92D
:108D50003B68CBB308224946E8009847044698B3DD
:108D600040E9027830E004EB010CD4F804A00CEAEE
:108D70000E0C0AF10106ACF1080304EBC6069E4294
:108D8000E1D9A6EB0C0CB5EBEC0F4FEAEC0BDAD803
:108D90009C421DD204F10802AB45A3EB02024FEA4C
:108DA000E202626009D9691CED4303EBC1025D4434
:108DB0005560256843F8315022601C46C3F8048092
:108DC00044F8087B00F0F0F8204603B0BDE8F08FCF
:108DD000AA45216802D111602346EEE7013504EB74
:108DE000C50344F8351003F10801761AF6105E60E9
:108DF0001360F1E79466002073B50446A0F10805FE
:108E000050F8080C54F8043C061D0C300733019050
:108E1000DB0844F8043C00F0BDF8334601989E425C
:108E20001A6801D0AB4228D20AB1954225D244F843
:108E3000082C54F8042C1D60013254F8081C05EB72
:108E4000C206B14206D14E68324444F8042C0A6886
:108E500044F8082C5E68711C03EBC1018D4207D1F8
:108E600054F8042C013232445A6054F8082C1A6029
:108E700002B0BDE8704000F097B81346CFE700009D
:108E8000FEE7000070B51E4B0025044686B0586012
:108E90000E4605638163FEF7D7FC04F12803A56045
:108EA0006563C4E90A3304F11003C4E904334FF0E5
:108EB000FF33C4E90044C4E90635FFF7C5FE2B467D
:108EC000024604F13C012046C4E9082380230D4AF0
:108ED0006567FDF7E7FB7368E0600B4A03620123F7
:108EE000009280F824306846F26801923269CDE938
:108EF0000223064BCDE90435FDF708FC06B070BD32
:108F000010490020C09B0008B89B0008818E000813
:108F10000023C0E9000083600361704770B51C4BFB
:108F200005468468DE685CB3B44213D1036901333B
:108F3000036170BDA36094F8243083B1062B15D172
:108F4000A06A2146D4E9003213605A60FDF706FB9F
:108F5000A36A9C68B368A2689A42EBD306E0D4E99E
:108F60000032204613605A60FDF708FB2846314660
:108F7000FDF7F4FAB5620620BDE87040FDF700BBCE
:108F80000369866001330361336BC3603063D0E7EC
:108F90006846002008B5302383F31188FFF7BEFF31
:108FA000002383F3118808BD194BD96883688B426D
:108FB00010B520D1302383F311880269013A026190
:108FC000B2B90468C368A0420B631ED04A6B9BB958
:108FD00001238A60036103681A68026050601A6B9B
:108FE0008360C26018631846FDF7C8FAFDF728FBD6
:108FF000002383F3118810BD1C68A34203D0A4682A
:10900000A24238BF2246DB68E1E78260F0E700BF9A
:1090100068460020024A536B18435063704700BFF4
:109020006846002038B5EFF311859DB9EFF305844C
:10903000C4F30804302334B183F31188FDF70CFD29
:1090400085F3118838BD83F31188FDF705FD84F39E
:10905000118838BDBDE83840FDF7FEBC7047000000
:10906000114BD3F8E82042F00802C3F8E820D3F807
:10907000102142F00802C3F810210C4AD3F8103135
:10908000D36B43F00803D363C722094B9A624FF0B6
:10909000FF32DA6200229A615A63DA605A60012272
:1090A0005A611A60704700BF004402580010005C0B
:1090B000000C0040094A08B51169D3680B40D9B2C9
:1090C0009B076FEA0101116107D5302383F31188F3
:1090D000FDF7DCFA002383F3118808BD000C004083
:1090E00010B501390244904201D1002005E0037817
:1090F00011F8014FA34201D0181B10BD0130F2E757
:10910000884210B501EB020402D98442234607D8F5
:10911000431EA14208D011F8012B03F8012FF8E7F4
:10912000024401468A4200D110BD13F8014D02F8F5
:10913000014DF7E7C9B2034610F8012B1AB18A4274
:10914000F9D118467047002918BF0023F9E700003D
:10915000034611F8012B03F8012B002AF9D17047BF
:1091600010B50139034632B111F8014F03F8014B34
:10917000013A002CF7D11A440021934200D110BDCE
:1091800003F8011BF9E7000036383832363735620C
:10919000366538623138623100000000121000007C
:1091A00012110000121300004D4435002D2D0A004D
:1091B0002F6172647570696C6F742E6162696E00E4
:1091C0002F6172647570696C6F742D766572696653
:1091D000792E6162696E002F6172647570696C6FBF
:1091E000742D666C6173682E6162696E002F617206
:1091F000647570696C6F742D666C61736865642E3C
:109200006162696E000000000000000000000000C4
:10921000150F0008B10F000861110008E90F0008E0
:10922000A90F00080000000000000000110F000856
:10923000BD0F0008991100080D0F0008190F000854
:1092400053544D333248373F3F3F0053544D333230
:10925000483733782F3732780053544D33324837FC
:1092600034332F3735332F373530000001105A0093
:109270000310590001205800032056002F00000061
:109280005375636365737366756C6C79206D6F7568
:109290006E746564205344436172642028736C6F5C
:1092A00077646F776E3D2575290A0000EB7690454F
:1092B000584641542020200046415433322020207B
:1092C000000000002A3A3C3E7C223F7F002B2C3BD2
:1092D0003D5B5D004355454141414143454545495D
:1092E000494941414592924F4F4F5555594F554F1E
:1092F0009C4F9E9F41494F55A5A5A6A7A8A9AAABDB
:10930000ACADAEAFB0B1B2B3B4414141B8B9BABB84
:10931000BCBDBEBFC0C1C2C3C4C54141C8C9CACB20
:10932000CCCDCECFD1D145454549494949D9DADBE4
:10933000DCDD49DF4FE14F4F4F4FE6E8E85555552B
:109340005959EEEFF0F1F2F3F4F5F6F7F8F9FAFB0C
:10935000FCFDFEFF01030507090E10121416181C70
:109360001E00000061001A03E0001703F800070365
:10937000FF000100780100013001320106013901CE
:1093800010014A012E017901060180014D004302BE
:1093900081018201820184018401860187018701A4
:1093A00089018A018B018B018D018E018F01900152
:1093B0009101910193019401F601960197019801A1
:1093C00098013D029B019C019D0120029F01A0018B
:1093D000A001A201A201A401A401A601A701A70165
:1093E000A901AA01AB01AC01AC01AE01AF01AF0113
:1093F000B101B201B301B301B501B501B701B801C3
:10940000B801BA01BB01BC01BC01BE01F701C0013A
:10941000C101C201C301C401C501C401C701C80122
:10942000C701CA01CB01CA01CD011001DD01010054
:109430008E01DE011201F3010300F101F401F401D8
:10944000F8012801220212013A020900652C3B02B0
:109450003B023D02662C3F024002410241024602AD
:109460000A015302400081018601550289018A01E7
:1094700058028F015A0290015C025D025E025F0297
:10948000930161026202940164026502660267024E
:10949000970196016A02622C6C026D026E029C01B9
:1094A000700271029D01730274029F0176027702BD
:1094B000780279027A027B027C02642C7E027F02AF
:1094C000A60181028202A901840285028602870226
:1094D000AE014402B101B20145028D028E028F023B
:1094E00090029102B7017B030300FD03FE03FF031B
:1094F000AC0304008603880389038A03B1031103C4
:10950000C2030200A303A303C4030803CC030300A4
:109510008C038E038F03D8031801F2030A00F903AA
:10952000F303F403F503F603F703F703F903FA0370
:10953000FA033004200350041007600422018A0457
:109540003601C1040E01CF040100C004D00444015F
:1095500061052604000000007D1D0100632C001E33
:109560009601A01E5A01001F0806101F0606201FA4
:109570000806301F0806401F0606511F0700591F26
:10958000521F5B1F541F5D1F561F5F1F601F080681
:10959000701F0E00BA1FBB1FC81FC91FCA1FCB1FD9
:1095A000DA1FDB1FF81FF91FEA1FEB1FFA1FFB1F53
:1095B000801F0806901F0806A01F0806B01F0400A1
:1095C000B81FB91FB21FBC1FCC1F0100C31FD01F83
:1095D0000206E01F0206E51F0100EC1FF31F010059
:1095E000FC1F4E2101003221702110028421010054
:1095F0008321D0241A05302C2F04602C0201672C03
:109600000601752C0201802C6401002D260841FF03
:109610001A030000C700FC00E900E200E400E000DB
:10962000E500E700EA00EB00E800EF00EE00EC00E8
:10963000C400C500C900E600C600F400F600F20050
:10964000FB00F900FF00D600DC00F800A300D80002
:10965000D7009201E100ED00F300FA00F100D10023
:10966000AA00BA00BF00AE00AC00BD00BC00A10063
:10967000AB00BB0091259225932502252425C1002E
:10968000C200C000A9006325512557255D25A20011
:10969000A5001025142534252C251C2500253C2546
:1096A000E300C3005A255425692566256025502509
:1096B0006C25A400F000D000CA00CB00C800310126
:1096C000CD00CE00CF0018250C2588258425A600C6
:1096D000CC008025D300DF00D400D200F500D500F7
:1096E000B500FE00DE00DA00DB00D900FD00DD0081
:1096F000AF00B400AD00B1001720BE00B600A70057
:10970000F700B800B000A800B700B900B300B2007D
:10971000A025A000100002400800024000080240FE
:1097200000000B002800024008000240040802402C
:1097300006010C00400002400800024008080240F8
:1097400010020D0058000240080002400C080240C0
:1097500016030E00700002400C0002401008024088
:1097600000040F00880002400C0002401408024070
:1097700006051000A00002400C000240180802403C
:1097800010061100B80002400C0002401C08024004
:1097900016072F001004024008040240200802406F
:1097A000000838002804024008040240240802404F
:1097B000060939004004024008040240280802401B
:1097C000100A3A0058040240080402402C080240E3
:1097D000160B3B00700402400C04024030080240AB
:1097E000000C3C00880402400C0402403408024093
:1097F000060D4400A00402400C0402403808024058
:10980000100E4500B80402400C0402403C0802401F
:10981000160F460001000000000000000096000046
:109820000000000000000000000000000000000038
:109830000000000000000000F56C0008F96C000852
:10984000CD570008055B00086157000889570008DC
:10985000B15700084957000800000000B95B000834
:10986000A55B0008E15B0008CD5B0008D95B000840
:10987000C55B0008B15B00089D5B0008ED5B00085C
:1098800000000000D15C0008BD5C0008F95C000825
:10989000E55C0008F15C0008DD5C0008C95C0008BC
:1098A000B55C0008055D0008000000000100000034
:1098B0000000000063300000B498000800000000C1
:1098C00000000000E0460020104900200000802A2F
:1098D00000020000AAAAAAAA00000024FFFF0000BC
:1098E0000000000000A00A00000200A0000000002C
:1098F000AAAAAAAA00010050FFFF00000000090068
:10990000000000990000000600000000AAAAAAAA10
:1099100000000001FFFF0000000000000000080040
:1099200020A00A0000000000AAAAAAAA1040050070
:10993000FFFF0000000800BB770000004014020099
:1099400028000000AAAAAAAA00000100FFFF000048
:1099500000000000070000000020000100000000DF
:10996000AAAAAAAA00100000FFEF0000000000074A
:10997000000000000041800000000000AAAAAAAA7E
:1099800000404000EFFF00000000000000A00000C9
:109990000004004000000000AAAAAAAA0004004097
:1099A000FFFF0000000000000000000000011500A3
:1099B00000000000AAAAAAAA00011500FFFF0000EB
:1099C0000000000000000000000000000000000097
:1099D000AAAAAAAA00000000FFFF000000000000E1
:1099E000000000000000000000000000AAAAAAAACF
:1099F00000000000FFFF0000000000000000000069
:109A00004172647550696C6F740025424F41524435
:109A1000252D424C002553455249414C250000005C
:109A20000200000000000000F15E0008615F000815
:109A300040004000C0610020D06100200200000012
:109A4000000000000300000000000000A95F000803
:109A50000000000010000000E06100200000000095
:109A600001000000000000003C6500200101020030
:109A7000F16D0008016D00089D6D0008816D000802
:109A800043000000889A000809024300020100C058
:109A90003209040000010202010005240010010542
:109AA00024010001042402020524060001070582A6
:109AB000030800FF09040100020A00000007050175
:109AC0000240000007058102400000001200000073
:109AD000D49A0008120110010200004009124157F7
:109AE00000020102030100000403090425424F4162
:109AF000524425005069786861776B36582D54724E
:109B000061636B65724574680030313233343536C9
:109B100037383941424344454600000000000020E8
:109B200000000200020000000000003000000400FD
:109B300008000000000000240000080004000000ED
:109B40000004000000FC00000200000000000430DF
:109B50000080000008000000000000380000010044
:109B6000010000001F1C1F1E1F1E1F1F1E1F1E1F87
:109B70001F1D1F1E1F1E1F1F1E1F1E1F0000000077
:109B800005610008BD6300086964000840004000EA
:109B900074660020746600200100000084660020C6
:109BA00080000000400100000800000000010000EB
:109BB000001000000800000069646C6500000000EF
:109BC0006D61696E002C0438040438080C10141CF4
:109BD0002024252600000000000064040100040089
:109BE00000000000000C0010283034007C68FF7F6B
:109BF00001000000FFFFFFFF350000000000000033
:109C000000001E0000000000FF00000018490020B6
:109C1000F83900208C390020203900200000000095
:109C200040920008830400004B920008500400009A
:109C3000599200080100000000000000009600009A
:109C4000000008009600000000080000040000006A
:109C5000E89A00080000000000000000000000007A
:0C9C6000000000000000000000000000F8
:00000001FF
